INSERT INTO T_ITEM(ID, NAME) VALUES(0, 'item0')
INSERT INTO T_ITEM(ID, NAME) VALUES(1, 'item1')
INSERT INTO T_ITEM(ID, NAME) VALUES(2, 'item2')
INSERT INTO T_ITEM(ID, NAME) VALUES(3, 'item3')
INSERT INTO T_ITEM(ID, NAME) VALUES(4, 'item4')
INSERT INTO T_ITEM(ID, NAME) VALUES(5, 'item5')
INSERT INTO T_ITEM(ID, NAME) VALUES(6, 'item6')
INSERT INTO T_ITEM(ID, NAME) VALUES(7, 'item7')
INSERT INTO T_ITEM(ID, NAME) VALUES(8, 'item8')
INSERT INTO T_ITEM(ID, NAME) VALUES(9, 'item9')
INSERT INTO T_ITEM(ID, NAME) VALUES(10, 'item10')
INSERT INTO T_ITEM(ID, NAME) VALUES(11, 'item11')
INSERT INTO T_ITEM(ID, NAME) VALUES(12, 'item12')
INSERT INTO T_ITEM(ID, NAME) VALUES(13, 'item13')
INSERT INTO T_ITEM(ID, NAME) VALUES(14, 'item14')
INSERT INTO T_ITEM(ID, NAME) VALUES(15, 'item15')
INSERT INTO T_ITEM(ID, NAME) VALUES(16, 'item16')
INSERT INTO T_ITEM(ID, NAME) VALUES(17, 'item17')
INSERT INTO T_ITEM(ID, NAME) VALUES(18, 'item18')
INSERT INTO T_ITEM(ID, NAME) VALUES(19, 'item19')
INSERT INTO T_ITEM(ID, NAME) VALUES(20, 'item20')
INSERT INTO T_ITEM(ID, NAME) VALUES(21, 'item21')
INSERT INTO T_ITEM(ID, NAME) VALUES(22, 'item22')
INSERT INTO T_ITEM(ID, NAME) VALUES(23, 'item23')
INSERT INTO T_ITEM(ID, NAME) VALUES(24, 'item24')
INSERT INTO T_ITEM(ID, NAME) VALUES(25, 'item25')
INSERT INTO T_ITEM(ID, NAME) VALUES(26, 'item26')
INSERT INTO T_ITEM(ID, NAME) VALUES(27, 'item27')
INSERT INTO T_ITEM(ID, NAME) VALUES(28, 'item28')
INSERT INTO T_ITEM(ID, NAME) VALUES(29, 'item29')
INSERT INTO T_ITEM(ID, NAME) VALUES(30, 'item30')
INSERT INTO T_ITEM(ID, NAME) VALUES(31, 'item31')
INSERT INTO T_ITEM(ID, NAME) VALUES(32, 'item32')
INSERT INTO T_ITEM(ID, NAME) VALUES(33, 'item33')
INSERT INTO T_ITEM(ID, NAME) VALUES(34, 'item34')
INSERT INTO T_ITEM(ID, NAME) VALUES(35, 'item35')
INSERT INTO T_ITEM(ID, NAME) VALUES(36, 'item36')
INSERT INTO T_ITEM(ID, NAME) VALUES(37, 'item37')
INSERT INTO T_ITEM(ID, NAME) VALUES(38, 'item38')
INSERT INTO T_ITEM(ID, NAME) VALUES(39, 'item39')
INSERT INTO T_ITEM(ID, NAME) VALUES(40, 'item40')
INSERT INTO T_ITEM(ID, NAME) VALUES(41, 'item41')
INSERT INTO T_ITEM(ID, NAME) VALUES(42, 'item42')
INSERT INTO T_ITEM(ID, NAME) VALUES(43, 'item43')
INSERT INTO T_ITEM(ID, NAME) VALUES(44, 'item44')
INSERT INTO T_ITEM(ID, NAME) VALUES(45, 'item45')
INSERT INTO T_ITEM(ID, NAME) VALUES(46, 'item46')
INSERT INTO T_ITEM(ID, NAME) VALUES(47, 'item47')
INSERT INTO T_ITEM(ID, NAME) VALUES(48, 'item48')
INSERT INTO T_ITEM(ID, NAME) VALUES(49, 'item49')
INSERT INTO T_ITEM(ID, NAME) VALUES(50, 'item50')
INSERT INTO T_ITEM(ID, NAME) VALUES(51, 'item51')
INSERT INTO T_ITEM(ID, NAME) VALUES(52, 'item52')
INSERT INTO T_ITEM(ID, NAME) VALUES(53, 'item53')
INSERT INTO T_ITEM(ID, NAME) VALUES(54, 'item54')
INSERT INTO T_ITEM(ID, NAME) VALUES(55, 'item55')
INSERT INTO T_ITEM(ID, NAME) VALUES(56, 'item56')
INSERT INTO T_ITEM(ID, NAME) VALUES(57, 'item57')
INSERT INTO T_ITEM(ID, NAME) VALUES(58, 'item58')
INSERT INTO T_ITEM(ID, NAME) VALUES(59, 'item59')
INSERT INTO T_ITEM(ID, NAME) VALUES(60, 'item60')
INSERT INTO T_ITEM(ID, NAME) VALUES(61, 'item61')
INSERT INTO T_ITEM(ID, NAME) VALUES(62, 'item62')
INSERT INTO T_ITEM(ID, NAME) VALUES(63, 'item63')
INSERT INTO T_ITEM(ID, NAME) VALUES(64, 'item64')
INSERT INTO T_ITEM(ID, NAME) VALUES(65, 'item65')
INSERT INTO T_ITEM(ID, NAME) VALUES(66, 'item66')
INSERT INTO T_ITEM(ID, NAME) VALUES(67, 'item67')
INSERT INTO T_ITEM(ID, NAME) VALUES(68, 'item68')
INSERT INTO T_ITEM(ID, NAME) VALUES(69, 'item69')
INSERT INTO T_ITEM(ID, NAME) VALUES(70, 'item70')
INSERT INTO T_ITEM(ID, NAME) VALUES(71, 'item71')
INSERT INTO T_ITEM(ID, NAME) VALUES(72, 'item72')
INSERT INTO T_ITEM(ID, NAME) VALUES(73, 'item73')
INSERT INTO T_ITEM(ID, NAME) VALUES(74, 'item74')
INSERT INTO T_ITEM(ID, NAME) VALUES(75, 'item75')
INSERT INTO T_ITEM(ID, NAME) VALUES(76, 'item76')
INSERT INTO T_ITEM(ID, NAME) VALUES(77, 'item77')
INSERT INTO T_ITEM(ID, NAME) VALUES(78, 'item78')
INSERT INTO T_ITEM(ID, NAME) VALUES(79, 'item79')
INSERT INTO T_ITEM(ID, NAME) VALUES(80, 'item80')
INSERT INTO T_ITEM(ID, NAME) VALUES(81, 'item81')
INSERT INTO T_ITEM(ID, NAME) VALUES(82, 'item82')
INSERT INTO T_ITEM(ID, NAME) VALUES(83, 'item83')
INSERT INTO T_ITEM(ID, NAME) VALUES(84, 'item84')
INSERT INTO T_ITEM(ID, NAME) VALUES(85, 'item85')
INSERT INTO T_ITEM(ID, NAME) VALUES(86, 'item86')
INSERT INTO T_ITEM(ID, NAME) VALUES(87, 'item87')
INSERT INTO T_ITEM(ID, NAME) VALUES(88, 'item88')
INSERT INTO T_ITEM(ID, NAME) VALUES(89, 'item89')
INSERT INTO T_ITEM(ID, NAME) VALUES(90, 'item90')
INSERT INTO T_ITEM(ID, NAME) VALUES(91, 'item91')
INSERT INTO T_ITEM(ID, NAME) VALUES(92, 'item92')
INSERT INTO T_ITEM(ID, NAME) VALUES(93, 'item93')
INSERT INTO T_ITEM(ID, NAME) VALUES(94, 'item94')
INSERT INTO T_ITEM(ID, NAME) VALUES(95, 'item95')
INSERT INTO T_ITEM(ID, NAME) VALUES(96, 'item96')
INSERT INTO T_ITEM(ID, NAME) VALUES(97, 'item97')
INSERT INTO T_ITEM(ID, NAME) VALUES(98, 'item98')
INSERT INTO T_ITEM(ID, NAME) VALUES(99, 'item99')
INSERT INTO T_ITEM(ID, NAME) VALUES(100, 'item100')
INSERT INTO T_ITEM(ID, NAME) VALUES(101, 'item101')
INSERT INTO T_ITEM(ID, NAME) VALUES(102, 'item102')
INSERT INTO T_ITEM(ID, NAME) VALUES(103, 'item103')
INSERT INTO T_ITEM(ID, NAME) VALUES(104, 'item104')
INSERT INTO T_ITEM(ID, NAME) VALUES(105, 'item105')
INSERT INTO T_ITEM(ID, NAME) VALUES(106, 'item106')
INSERT INTO T_ITEM(ID, NAME) VALUES(107, 'item107')
INSERT INTO T_ITEM(ID, NAME) VALUES(108, 'item108')
INSERT INTO T_ITEM(ID, NAME) VALUES(109, 'item109')
INSERT INTO T_ITEM(ID, NAME) VALUES(110, 'item110')
INSERT INTO T_ITEM(ID, NAME) VALUES(111, 'item111')
INSERT INTO T_ITEM(ID, NAME) VALUES(112, 'item112')
INSERT INTO T_ITEM(ID, NAME) VALUES(113, 'item113')
INSERT INTO T_ITEM(ID, NAME) VALUES(114, 'item114')
INSERT INTO T_ITEM(ID, NAME) VALUES(115, 'item115')
INSERT INTO T_ITEM(ID, NAME) VALUES(116, 'item116')
INSERT INTO T_ITEM(ID, NAME) VALUES(117, 'item117')
INSERT INTO T_ITEM(ID, NAME) VALUES(118, 'item118')
INSERT INTO T_ITEM(ID, NAME) VALUES(119, 'item119')
INSERT INTO T_ITEM(ID, NAME) VALUES(120, 'item120')
INSERT INTO T_ITEM(ID, NAME) VALUES(121, 'item121')
INSERT INTO T_ITEM(ID, NAME) VALUES(122, 'item122')
INSERT INTO T_ITEM(ID, NAME) VALUES(123, 'item123')
INSERT INTO T_ITEM(ID, NAME) VALUES(124, 'item124')
INSERT INTO T_ITEM(ID, NAME) VALUES(125, 'item125')
INSERT INTO T_ITEM(ID, NAME) VALUES(126, 'item126')
INSERT INTO T_ITEM(ID, NAME) VALUES(127, 'item127')
INSERT INTO T_ITEM(ID, NAME) VALUES(128, 'item128')
INSERT INTO T_ITEM(ID, NAME) VALUES(129, 'item129')
INSERT INTO T_ITEM(ID, NAME) VALUES(130, 'item130')
INSERT INTO T_ITEM(ID, NAME) VALUES(131, 'item131')
INSERT INTO T_ITEM(ID, NAME) VALUES(132, 'item132')
INSERT INTO T_ITEM(ID, NAME) VALUES(133, 'item133')
INSERT INTO T_ITEM(ID, NAME) VALUES(134, 'item134')
INSERT INTO T_ITEM(ID, NAME) VALUES(135, 'item135')
INSERT INTO T_ITEM(ID, NAME) VALUES(136, 'item136')
INSERT INTO T_ITEM(ID, NAME) VALUES(137, 'item137')
INSERT INTO T_ITEM(ID, NAME) VALUES(138, 'item138')
INSERT INTO T_ITEM(ID, NAME) VALUES(139, 'item139')
INSERT INTO T_ITEM(ID, NAME) VALUES(140, 'item140')
INSERT INTO T_ITEM(ID, NAME) VALUES(141, 'item141')
INSERT INTO T_ITEM(ID, NAME) VALUES(142, 'item142')
INSERT INTO T_ITEM(ID, NAME) VALUES(143, 'item143')
INSERT INTO T_ITEM(ID, NAME) VALUES(144, 'item144')
INSERT INTO T_ITEM(ID, NAME) VALUES(145, 'item145')
INSERT INTO T_ITEM(ID, NAME) VALUES(146, 'item146')
INSERT INTO T_ITEM(ID, NAME) VALUES(147, 'item147')
INSERT INTO T_ITEM(ID, NAME) VALUES(148, 'item148')
INSERT INTO T_ITEM(ID, NAME) VALUES(149, 'item149')
INSERT INTO T_ITEM(ID, NAME) VALUES(150, 'item150')
INSERT INTO T_ITEM(ID, NAME) VALUES(151, 'item151')
INSERT INTO T_ITEM(ID, NAME) VALUES(152, 'item152')
INSERT INTO T_ITEM(ID, NAME) VALUES(153, 'item153')
INSERT INTO T_ITEM(ID, NAME) VALUES(154, 'item154')
INSERT INTO T_ITEM(ID, NAME) VALUES(155, 'item155')
INSERT INTO T_ITEM(ID, NAME) VALUES(156, 'item156')
INSERT INTO T_ITEM(ID, NAME) VALUES(157, 'item157')
INSERT INTO T_ITEM(ID, NAME) VALUES(158, 'item158')
INSERT INTO T_ITEM(ID, NAME) VALUES(159, 'item159')
INSERT INTO T_ITEM(ID, NAME) VALUES(160, 'item160')
INSERT INTO T_ITEM(ID, NAME) VALUES(161, 'item161')
INSERT INTO T_ITEM(ID, NAME) VALUES(162, 'item162')
INSERT INTO T_ITEM(ID, NAME) VALUES(163, 'item163')
INSERT INTO T_ITEM(ID, NAME) VALUES(164, 'item164')
INSERT INTO T_ITEM(ID, NAME) VALUES(165, 'item165')
INSERT INTO T_ITEM(ID, NAME) VALUES(166, 'item166')
INSERT INTO T_ITEM(ID, NAME) VALUES(167, 'item167')
INSERT INTO T_ITEM(ID, NAME) VALUES(168, 'item168')
INSERT INTO T_ITEM(ID, NAME) VALUES(169, 'item169')
INSERT INTO T_ITEM(ID, NAME) VALUES(170, 'item170')
INSERT INTO T_ITEM(ID, NAME) VALUES(171, 'item171')
INSERT INTO T_ITEM(ID, NAME) VALUES(172, 'item172')
INSERT INTO T_ITEM(ID, NAME) VALUES(173, 'item173')
INSERT INTO T_ITEM(ID, NAME) VALUES(174, 'item174')
INSERT INTO T_ITEM(ID, NAME) VALUES(175, 'item175')
INSERT INTO T_ITEM(ID, NAME) VALUES(176, 'item176')
INSERT INTO T_ITEM(ID, NAME) VALUES(177, 'item177')
INSERT INTO T_ITEM(ID, NAME) VALUES(178, 'item178')
INSERT INTO T_ITEM(ID, NAME) VALUES(179, 'item179')
INSERT INTO T_ITEM(ID, NAME) VALUES(180, 'item180')
INSERT INTO T_ITEM(ID, NAME) VALUES(181, 'item181')
INSERT INTO T_ITEM(ID, NAME) VALUES(182, 'item182')
INSERT INTO T_ITEM(ID, NAME) VALUES(183, 'item183')
INSERT INTO T_ITEM(ID, NAME) VALUES(184, 'item184')
INSERT INTO T_ITEM(ID, NAME) VALUES(185, 'item185')
INSERT INTO T_ITEM(ID, NAME) VALUES(186, 'item186')
INSERT INTO T_ITEM(ID, NAME) VALUES(187, 'item187')
INSERT INTO T_ITEM(ID, NAME) VALUES(188, 'item188')
INSERT INTO T_ITEM(ID, NAME) VALUES(189, 'item189')
INSERT INTO T_ITEM(ID, NAME) VALUES(190, 'item190')
INSERT INTO T_ITEM(ID, NAME) VALUES(191, 'item191')
INSERT INTO T_ITEM(ID, NAME) VALUES(192, 'item192')
INSERT INTO T_ITEM(ID, NAME) VALUES(193, 'item193')
INSERT INTO T_ITEM(ID, NAME) VALUES(194, 'item194')
INSERT INTO T_ITEM(ID, NAME) VALUES(195, 'item195')
INSERT INTO T_ITEM(ID, NAME) VALUES(196, 'item196')
INSERT INTO T_ITEM(ID, NAME) VALUES(197, 'item197')
INSERT INTO T_ITEM(ID, NAME) VALUES(198, 'item198')
INSERT INTO T_ITEM(ID, NAME) VALUES(199, 'item199')
INSERT INTO T_ITEM(ID, NAME) VALUES(200, 'item200')
INSERT INTO T_ITEM(ID, NAME) VALUES(201, 'item201')
INSERT INTO T_ITEM(ID, NAME) VALUES(202, 'item202')
INSERT INTO T_ITEM(ID, NAME) VALUES(203, 'item203')
INSERT INTO T_ITEM(ID, NAME) VALUES(204, 'item204')
INSERT INTO T_ITEM(ID, NAME) VALUES(205, 'item205')
INSERT INTO T_ITEM(ID, NAME) VALUES(206, 'item206')
INSERT INTO T_ITEM(ID, NAME) VALUES(207, 'item207')
INSERT INTO T_ITEM(ID, NAME) VALUES(208, 'item208')
INSERT INTO T_ITEM(ID, NAME) VALUES(209, 'item209')
INSERT INTO T_ITEM(ID, NAME) VALUES(210, 'item210')
INSERT INTO T_ITEM(ID, NAME) VALUES(211, 'item211')
INSERT INTO T_ITEM(ID, NAME) VALUES(212, 'item212')
INSERT INTO T_ITEM(ID, NAME) VALUES(213, 'item213')
INSERT INTO T_ITEM(ID, NAME) VALUES(214, 'item214')
INSERT INTO T_ITEM(ID, NAME) VALUES(215, 'item215')
INSERT INTO T_ITEM(ID, NAME) VALUES(216, 'item216')
INSERT INTO T_ITEM(ID, NAME) VALUES(217, 'item217')
INSERT INTO T_ITEM(ID, NAME) VALUES(218, 'item218')
INSERT INTO T_ITEM(ID, NAME) VALUES(219, 'item219')
INSERT INTO T_ITEM(ID, NAME) VALUES(220, 'item220')
INSERT INTO T_ITEM(ID, NAME) VALUES(221, 'item221')
INSERT INTO T_ITEM(ID, NAME) VALUES(222, 'item222')
INSERT INTO T_ITEM(ID, NAME) VALUES(223, 'item223')
INSERT INTO T_ITEM(ID, NAME) VALUES(224, 'item224')
INSERT INTO T_ITEM(ID, NAME) VALUES(225, 'item225')
INSERT INTO T_ITEM(ID, NAME) VALUES(226, 'item226')
INSERT INTO T_ITEM(ID, NAME) VALUES(227, 'item227')
INSERT INTO T_ITEM(ID, NAME) VALUES(228, 'item228')
INSERT INTO T_ITEM(ID, NAME) VALUES(229, 'item229')
INSERT INTO T_ITEM(ID, NAME) VALUES(230, 'item230')
INSERT INTO T_ITEM(ID, NAME) VALUES(231, 'item231')
INSERT INTO T_ITEM(ID, NAME) VALUES(232, 'item232')
INSERT INTO T_ITEM(ID, NAME) VALUES(233, 'item233')
INSERT INTO T_ITEM(ID, NAME) VALUES(234, 'item234')
INSERT INTO T_ITEM(ID, NAME) VALUES(235, 'item235')
INSERT INTO T_ITEM(ID, NAME) VALUES(236, 'item236')
INSERT INTO T_ITEM(ID, NAME) VALUES(237, 'item237')
INSERT INTO T_ITEM(ID, NAME) VALUES(238, 'item238')
INSERT INTO T_ITEM(ID, NAME) VALUES(239, 'item239')
INSERT INTO T_ITEM(ID, NAME) VALUES(240, 'item240')
INSERT INTO T_ITEM(ID, NAME) VALUES(241, 'item241')
INSERT INTO T_ITEM(ID, NAME) VALUES(242, 'item242')
INSERT INTO T_ITEM(ID, NAME) VALUES(243, 'item243')
INSERT INTO T_ITEM(ID, NAME) VALUES(244, 'item244')
INSERT INTO T_ITEM(ID, NAME) VALUES(245, 'item245')
INSERT INTO T_ITEM(ID, NAME) VALUES(246, 'item246')
INSERT INTO T_ITEM(ID, NAME) VALUES(247, 'item247')
INSERT INTO T_ITEM(ID, NAME) VALUES(248, 'item248')
INSERT INTO T_ITEM(ID, NAME) VALUES(249, 'item249')
INSERT INTO T_ITEM(ID, NAME) VALUES(250, 'item250')
INSERT INTO T_ITEM(ID, NAME) VALUES(251, 'item251')
INSERT INTO T_ITEM(ID, NAME) VALUES(252, 'item252')
INSERT INTO T_ITEM(ID, NAME) VALUES(253, 'item253')
INSERT INTO T_ITEM(ID, NAME) VALUES(254, 'item254')
INSERT INTO T_ITEM(ID, NAME) VALUES(255, 'item255')
INSERT INTO T_ITEM(ID, NAME) VALUES(256, 'item256')
INSERT INTO T_ITEM(ID, NAME) VALUES(257, 'item257')
INSERT INTO T_ITEM(ID, NAME) VALUES(258, 'item258')
INSERT INTO T_ITEM(ID, NAME) VALUES(259, 'item259')
INSERT INTO T_ITEM(ID, NAME) VALUES(260, 'item260')
INSERT INTO T_ITEM(ID, NAME) VALUES(261, 'item261')
INSERT INTO T_ITEM(ID, NAME) VALUES(262, 'item262')
INSERT INTO T_ITEM(ID, NAME) VALUES(263, 'item263')
INSERT INTO T_ITEM(ID, NAME) VALUES(264, 'item264')
INSERT INTO T_ITEM(ID, NAME) VALUES(265, 'item265')
INSERT INTO T_ITEM(ID, NAME) VALUES(266, 'item266')
INSERT INTO T_ITEM(ID, NAME) VALUES(267, 'item267')
INSERT INTO T_ITEM(ID, NAME) VALUES(268, 'item268')
INSERT INTO T_ITEM(ID, NAME) VALUES(269, 'item269')
INSERT INTO T_ITEM(ID, NAME) VALUES(270, 'item270')
INSERT INTO T_ITEM(ID, NAME) VALUES(271, 'item271')
INSERT INTO T_ITEM(ID, NAME) VALUES(272, 'item272')
INSERT INTO T_ITEM(ID, NAME) VALUES(273, 'item273')
INSERT INTO T_ITEM(ID, NAME) VALUES(274, 'item274')
INSERT INTO T_ITEM(ID, NAME) VALUES(275, 'item275')
INSERT INTO T_ITEM(ID, NAME) VALUES(276, 'item276')
INSERT INTO T_ITEM(ID, NAME) VALUES(277, 'item277')
INSERT INTO T_ITEM(ID, NAME) VALUES(278, 'item278')
INSERT INTO T_ITEM(ID, NAME) VALUES(279, 'item279')
INSERT INTO T_ITEM(ID, NAME) VALUES(280, 'item280')
INSERT INTO T_ITEM(ID, NAME) VALUES(281, 'item281')
INSERT INTO T_ITEM(ID, NAME) VALUES(282, 'item282')
INSERT INTO T_ITEM(ID, NAME) VALUES(283, 'item283')
INSERT INTO T_ITEM(ID, NAME) VALUES(284, 'item284')
INSERT INTO T_ITEM(ID, NAME) VALUES(285, 'item285')
INSERT INTO T_ITEM(ID, NAME) VALUES(286, 'item286')
INSERT INTO T_ITEM(ID, NAME) VALUES(287, 'item287')
INSERT INTO T_ITEM(ID, NAME) VALUES(288, 'item288')
INSERT INTO T_ITEM(ID, NAME) VALUES(289, 'item289')
INSERT INTO T_ITEM(ID, NAME) VALUES(290, 'item290')
INSERT INTO T_ITEM(ID, NAME) VALUES(291, 'item291')
INSERT INTO T_ITEM(ID, NAME) VALUES(292, 'item292')
INSERT INTO T_ITEM(ID, NAME) VALUES(293, 'item293')
INSERT INTO T_ITEM(ID, NAME) VALUES(294, 'item294')
INSERT INTO T_ITEM(ID, NAME) VALUES(295, 'item295')
INSERT INTO T_ITEM(ID, NAME) VALUES(296, 'item296')
INSERT INTO T_ITEM(ID, NAME) VALUES(297, 'item297')
INSERT INTO T_ITEM(ID, NAME) VALUES(298, 'item298')
INSERT INTO T_ITEM(ID, NAME) VALUES(299, 'item299')
INSERT INTO T_ITEM(ID, NAME) VALUES(300, 'item300')
INSERT INTO T_ITEM(ID, NAME) VALUES(301, 'item301')
INSERT INTO T_ITEM(ID, NAME) VALUES(302, 'item302')
INSERT INTO T_ITEM(ID, NAME) VALUES(303, 'item303')
INSERT INTO T_ITEM(ID, NAME) VALUES(304, 'item304')
INSERT INTO T_ITEM(ID, NAME) VALUES(305, 'item305')
INSERT INTO T_ITEM(ID, NAME) VALUES(306, 'item306')
INSERT INTO T_ITEM(ID, NAME) VALUES(307, 'item307')
INSERT INTO T_ITEM(ID, NAME) VALUES(308, 'item308')
INSERT INTO T_ITEM(ID, NAME) VALUES(309, 'item309')
INSERT INTO T_ITEM(ID, NAME) VALUES(310, 'item310')
INSERT INTO T_ITEM(ID, NAME) VALUES(311, 'item311')
INSERT INTO T_ITEM(ID, NAME) VALUES(312, 'item312')
INSERT INTO T_ITEM(ID, NAME) VALUES(313, 'item313')
INSERT INTO T_ITEM(ID, NAME) VALUES(314, 'item314')
INSERT INTO T_ITEM(ID, NAME) VALUES(315, 'item315')
INSERT INTO T_ITEM(ID, NAME) VALUES(316, 'item316')
INSERT INTO T_ITEM(ID, NAME) VALUES(317, 'item317')
INSERT INTO T_ITEM(ID, NAME) VALUES(318, 'item318')
INSERT INTO T_ITEM(ID, NAME) VALUES(319, 'item319')
INSERT INTO T_ITEM(ID, NAME) VALUES(320, 'item320')
INSERT INTO T_ITEM(ID, NAME) VALUES(321, 'item321')
INSERT INTO T_ITEM(ID, NAME) VALUES(322, 'item322')
INSERT INTO T_ITEM(ID, NAME) VALUES(323, 'item323')
INSERT INTO T_ITEM(ID, NAME) VALUES(324, 'item324')
INSERT INTO T_ITEM(ID, NAME) VALUES(325, 'item325')
INSERT INTO T_ITEM(ID, NAME) VALUES(326, 'item326')
INSERT INTO T_ITEM(ID, NAME) VALUES(327, 'item327')
INSERT INTO T_ITEM(ID, NAME) VALUES(328, 'item328')
INSERT INTO T_ITEM(ID, NAME) VALUES(329, 'item329')
INSERT INTO T_ITEM(ID, NAME) VALUES(330, 'item330')
INSERT INTO T_ITEM(ID, NAME) VALUES(331, 'item331')
INSERT INTO T_ITEM(ID, NAME) VALUES(332, 'item332')
INSERT INTO T_ITEM(ID, NAME) VALUES(333, 'item333')
INSERT INTO T_ITEM(ID, NAME) VALUES(334, 'item334')
INSERT INTO T_ITEM(ID, NAME) VALUES(335, 'item335')
INSERT INTO T_ITEM(ID, NAME) VALUES(336, 'item336')
INSERT INTO T_ITEM(ID, NAME) VALUES(337, 'item337')
INSERT INTO T_ITEM(ID, NAME) VALUES(338, 'item338')
INSERT INTO T_ITEM(ID, NAME) VALUES(339, 'item339')
INSERT INTO T_ITEM(ID, NAME) VALUES(340, 'item340')
INSERT INTO T_ITEM(ID, NAME) VALUES(341, 'item341')
INSERT INTO T_ITEM(ID, NAME) VALUES(342, 'item342')
INSERT INTO T_ITEM(ID, NAME) VALUES(343, 'item343')
INSERT INTO T_ITEM(ID, NAME) VALUES(344, 'item344')
INSERT INTO T_ITEM(ID, NAME) VALUES(345, 'item345')
INSERT INTO T_ITEM(ID, NAME) VALUES(346, 'item346')
INSERT INTO T_ITEM(ID, NAME) VALUES(347, 'item347')
INSERT INTO T_ITEM(ID, NAME) VALUES(348, 'item348')
INSERT INTO T_ITEM(ID, NAME) VALUES(349, 'item349')
INSERT INTO T_ITEM(ID, NAME) VALUES(350, 'item350')
INSERT INTO T_ITEM(ID, NAME) VALUES(351, 'item351')
INSERT INTO T_ITEM(ID, NAME) VALUES(352, 'item352')
INSERT INTO T_ITEM(ID, NAME) VALUES(353, 'item353')
INSERT INTO T_ITEM(ID, NAME) VALUES(354, 'item354')
INSERT INTO T_ITEM(ID, NAME) VALUES(355, 'item355')
INSERT INTO T_ITEM(ID, NAME) VALUES(356, 'item356')
INSERT INTO T_ITEM(ID, NAME) VALUES(357, 'item357')
INSERT INTO T_ITEM(ID, NAME) VALUES(358, 'item358')
INSERT INTO T_ITEM(ID, NAME) VALUES(359, 'item359')
INSERT INTO T_ITEM(ID, NAME) VALUES(360, 'item360')
INSERT INTO T_ITEM(ID, NAME) VALUES(361, 'item361')
INSERT INTO T_ITEM(ID, NAME) VALUES(362, 'item362')
INSERT INTO T_ITEM(ID, NAME) VALUES(363, 'item363')
INSERT INTO T_ITEM(ID, NAME) VALUES(364, 'item364')
INSERT INTO T_ITEM(ID, NAME) VALUES(365, 'item365')
INSERT INTO T_ITEM(ID, NAME) VALUES(366, 'item366')
INSERT INTO T_ITEM(ID, NAME) VALUES(367, 'item367')
INSERT INTO T_ITEM(ID, NAME) VALUES(368, 'item368')
INSERT INTO T_ITEM(ID, NAME) VALUES(369, 'item369')
INSERT INTO T_ITEM(ID, NAME) VALUES(370, 'item370')
INSERT INTO T_ITEM(ID, NAME) VALUES(371, 'item371')
INSERT INTO T_ITEM(ID, NAME) VALUES(372, 'item372')
INSERT INTO T_ITEM(ID, NAME) VALUES(373, 'item373')
INSERT INTO T_ITEM(ID, NAME) VALUES(374, 'item374')
INSERT INTO T_ITEM(ID, NAME) VALUES(375, 'item375')
INSERT INTO T_ITEM(ID, NAME) VALUES(376, 'item376')
INSERT INTO T_ITEM(ID, NAME) VALUES(377, 'item377')
INSERT INTO T_ITEM(ID, NAME) VALUES(378, 'item378')
INSERT INTO T_ITEM(ID, NAME) VALUES(379, 'item379')
INSERT INTO T_ITEM(ID, NAME) VALUES(380, 'item380')
INSERT INTO T_ITEM(ID, NAME) VALUES(381, 'item381')
INSERT INTO T_ITEM(ID, NAME) VALUES(382, 'item382')
INSERT INTO T_ITEM(ID, NAME) VALUES(383, 'item383')
INSERT INTO T_ITEM(ID, NAME) VALUES(384, 'item384')
INSERT INTO T_ITEM(ID, NAME) VALUES(385, 'item385')
INSERT INTO T_ITEM(ID, NAME) VALUES(386, 'item386')
INSERT INTO T_ITEM(ID, NAME) VALUES(387, 'item387')
INSERT INTO T_ITEM(ID, NAME) VALUES(388, 'item388')
INSERT INTO T_ITEM(ID, NAME) VALUES(389, 'item389')
INSERT INTO T_ITEM(ID, NAME) VALUES(390, 'item390')
INSERT INTO T_ITEM(ID, NAME) VALUES(391, 'item391')
INSERT INTO T_ITEM(ID, NAME) VALUES(392, 'item392')
INSERT INTO T_ITEM(ID, NAME) VALUES(393, 'item393')
INSERT INTO T_ITEM(ID, NAME) VALUES(394, 'item394')
INSERT INTO T_ITEM(ID, NAME) VALUES(395, 'item395')
INSERT INTO T_ITEM(ID, NAME) VALUES(396, 'item396')
INSERT INTO T_ITEM(ID, NAME) VALUES(397, 'item397')
INSERT INTO T_ITEM(ID, NAME) VALUES(398, 'item398')
INSERT INTO T_ITEM(ID, NAME) VALUES(399, 'item399')
INSERT INTO T_ITEM(ID, NAME) VALUES(400, 'item400')
INSERT INTO T_ITEM(ID, NAME) VALUES(401, 'item401')
INSERT INTO T_ITEM(ID, NAME) VALUES(402, 'item402')
INSERT INTO T_ITEM(ID, NAME) VALUES(403, 'item403')
INSERT INTO T_ITEM(ID, NAME) VALUES(404, 'item404')
INSERT INTO T_ITEM(ID, NAME) VALUES(405, 'item405')
INSERT INTO T_ITEM(ID, NAME) VALUES(406, 'item406')
INSERT INTO T_ITEM(ID, NAME) VALUES(407, 'item407')
INSERT INTO T_ITEM(ID, NAME) VALUES(408, 'item408')
INSERT INTO T_ITEM(ID, NAME) VALUES(409, 'item409')
INSERT INTO T_ITEM(ID, NAME) VALUES(410, 'item410')
INSERT INTO T_ITEM(ID, NAME) VALUES(411, 'item411')
INSERT INTO T_ITEM(ID, NAME) VALUES(412, 'item412')
INSERT INTO T_ITEM(ID, NAME) VALUES(413, 'item413')
INSERT INTO T_ITEM(ID, NAME) VALUES(414, 'item414')
INSERT INTO T_ITEM(ID, NAME) VALUES(415, 'item415')
INSERT INTO T_ITEM(ID, NAME) VALUES(416, 'item416')
INSERT INTO T_ITEM(ID, NAME) VALUES(417, 'item417')
INSERT INTO T_ITEM(ID, NAME) VALUES(418, 'item418')
INSERT INTO T_ITEM(ID, NAME) VALUES(419, 'item419')
INSERT INTO T_ITEM(ID, NAME) VALUES(420, 'item420')
INSERT INTO T_ITEM(ID, NAME) VALUES(421, 'item421')
INSERT INTO T_ITEM(ID, NAME) VALUES(422, 'item422')
INSERT INTO T_ITEM(ID, NAME) VALUES(423, 'item423')
INSERT INTO T_ITEM(ID, NAME) VALUES(424, 'item424')
INSERT INTO T_ITEM(ID, NAME) VALUES(425, 'item425')
INSERT INTO T_ITEM(ID, NAME) VALUES(426, 'item426')
INSERT INTO T_ITEM(ID, NAME) VALUES(427, 'item427')
INSERT INTO T_ITEM(ID, NAME) VALUES(428, 'item428')
INSERT INTO T_ITEM(ID, NAME) VALUES(429, 'item429')
INSERT INTO T_ITEM(ID, NAME) VALUES(430, 'item430')
INSERT INTO T_ITEM(ID, NAME) VALUES(431, 'item431')
INSERT INTO T_ITEM(ID, NAME) VALUES(432, 'item432')
INSERT INTO T_ITEM(ID, NAME) VALUES(433, 'item433')
INSERT INTO T_ITEM(ID, NAME) VALUES(434, 'item434')
INSERT INTO T_ITEM(ID, NAME) VALUES(435, 'item435')
INSERT INTO T_ITEM(ID, NAME) VALUES(436, 'item436')
INSERT INTO T_ITEM(ID, NAME) VALUES(437, 'item437')
INSERT INTO T_ITEM(ID, NAME) VALUES(438, 'item438')
INSERT INTO T_ITEM(ID, NAME) VALUES(439, 'item439')
INSERT INTO T_ITEM(ID, NAME) VALUES(440, 'item440')
INSERT INTO T_ITEM(ID, NAME) VALUES(441, 'item441')
INSERT INTO T_ITEM(ID, NAME) VALUES(442, 'item442')
INSERT INTO T_ITEM(ID, NAME) VALUES(443, 'item443')
INSERT INTO T_ITEM(ID, NAME) VALUES(444, 'item444')
INSERT INTO T_ITEM(ID, NAME) VALUES(445, 'item445')
INSERT INTO T_ITEM(ID, NAME) VALUES(446, 'item446')
INSERT INTO T_ITEM(ID, NAME) VALUES(447, 'item447')
INSERT INTO T_ITEM(ID, NAME) VALUES(448, 'item448')
INSERT INTO T_ITEM(ID, NAME) VALUES(449, 'item449')
INSERT INTO T_ITEM(ID, NAME) VALUES(450, 'item450')
INSERT INTO T_ITEM(ID, NAME) VALUES(451, 'item451')
INSERT INTO T_ITEM(ID, NAME) VALUES(452, 'item452')
INSERT INTO T_ITEM(ID, NAME) VALUES(453, 'item453')
INSERT INTO T_ITEM(ID, NAME) VALUES(454, 'item454')
INSERT INTO T_ITEM(ID, NAME) VALUES(455, 'item455')
INSERT INTO T_ITEM(ID, NAME) VALUES(456, 'item456')
INSERT INTO T_ITEM(ID, NAME) VALUES(457, 'item457')
INSERT INTO T_ITEM(ID, NAME) VALUES(458, 'item458')
INSERT INTO T_ITEM(ID, NAME) VALUES(459, 'item459')
INSERT INTO T_ITEM(ID, NAME) VALUES(460, 'item460')
INSERT INTO T_ITEM(ID, NAME) VALUES(461, 'item461')
INSERT INTO T_ITEM(ID, NAME) VALUES(462, 'item462')
INSERT INTO T_ITEM(ID, NAME) VALUES(463, 'item463')
INSERT INTO T_ITEM(ID, NAME) VALUES(464, 'item464')
INSERT INTO T_ITEM(ID, NAME) VALUES(465, 'item465')
INSERT INTO T_ITEM(ID, NAME) VALUES(466, 'item466')
INSERT INTO T_ITEM(ID, NAME) VALUES(467, 'item467')
INSERT INTO T_ITEM(ID, NAME) VALUES(468, 'item468')
INSERT INTO T_ITEM(ID, NAME) VALUES(469, 'item469')
INSERT INTO T_ITEM(ID, NAME) VALUES(470, 'item470')
INSERT INTO T_ITEM(ID, NAME) VALUES(471, 'item471')
INSERT INTO T_ITEM(ID, NAME) VALUES(472, 'item472')
INSERT INTO T_ITEM(ID, NAME) VALUES(473, 'item473')
INSERT INTO T_ITEM(ID, NAME) VALUES(474, 'item474')
INSERT INTO T_ITEM(ID, NAME) VALUES(475, 'item475')
INSERT INTO T_ITEM(ID, NAME) VALUES(476, 'item476')
INSERT INTO T_ITEM(ID, NAME) VALUES(477, 'item477')
INSERT INTO T_ITEM(ID, NAME) VALUES(478, 'item478')
INSERT INTO T_ITEM(ID, NAME) VALUES(479, 'item479')
INSERT INTO T_ITEM(ID, NAME) VALUES(480, 'item480')
INSERT INTO T_ITEM(ID, NAME) VALUES(481, 'item481')
INSERT INTO T_ITEM(ID, NAME) VALUES(482, 'item482')
INSERT INTO T_ITEM(ID, NAME) VALUES(483, 'item483')
INSERT INTO T_ITEM(ID, NAME) VALUES(484, 'item484')
INSERT INTO T_ITEM(ID, NAME) VALUES(485, 'item485')
INSERT INTO T_ITEM(ID, NAME) VALUES(486, 'item486')
INSERT INTO T_ITEM(ID, NAME) VALUES(487, 'item487')
INSERT INTO T_ITEM(ID, NAME) VALUES(488, 'item488')
INSERT INTO T_ITEM(ID, NAME) VALUES(489, 'item489')
INSERT INTO T_ITEM(ID, NAME) VALUES(490, 'item490')
INSERT INTO T_ITEM(ID, NAME) VALUES(491, 'item491')
INSERT INTO T_ITEM(ID, NAME) VALUES(492, 'item492')
INSERT INTO T_ITEM(ID, NAME) VALUES(493, 'item493')
INSERT INTO T_ITEM(ID, NAME) VALUES(494, 'item494')
INSERT INTO T_ITEM(ID, NAME) VALUES(495, 'item495')
INSERT INTO T_ITEM(ID, NAME) VALUES(496, 'item496')
INSERT INTO T_ITEM(ID, NAME) VALUES(497, 'item497')
INSERT INTO T_ITEM(ID, NAME) VALUES(498, 'item498')
INSERT INTO T_ITEM(ID, NAME) VALUES(499, 'item499')

INSERT INTO T_ORDER(ID) VALUES(1000)
INSERT INTO T_ORDER(ID) VALUES(1001)
INSERT INTO T_ORDER(ID) VALUES(1002)
INSERT INTO T_ORDER(ID) VALUES(1003)
INSERT INTO T_ORDER(ID) VALUES(1004)
INSERT INTO T_ORDER(ID) VALUES(1005)
INSERT INTO T_ORDER(ID) VALUES(1006)
INSERT INTO T_ORDER(ID) VALUES(1007)
INSERT INTO T_ORDER(ID) VALUES(1008)
INSERT INTO T_ORDER(ID) VALUES(1009)
INSERT INTO T_ORDER(ID) VALUES(1010)
INSERT INTO T_ORDER(ID) VALUES(1011)
INSERT INTO T_ORDER(ID) VALUES(1012)
INSERT INTO T_ORDER(ID) VALUES(1013)
INSERT INTO T_ORDER(ID) VALUES(1014)
INSERT INTO T_ORDER(ID) VALUES(1015)
INSERT INTO T_ORDER(ID) VALUES(1016)
INSERT INTO T_ORDER(ID) VALUES(1017)
INSERT INTO T_ORDER(ID) VALUES(1018)
INSERT INTO T_ORDER(ID) VALUES(1019)
INSERT INTO T_ORDER(ID) VALUES(1020)
INSERT INTO T_ORDER(ID) VALUES(1021)
INSERT INTO T_ORDER(ID) VALUES(1022)
INSERT INTO T_ORDER(ID) VALUES(1023)
INSERT INTO T_ORDER(ID) VALUES(1024)
INSERT INTO T_ORDER(ID) VALUES(1025)
INSERT INTO T_ORDER(ID) VALUES(1026)
INSERT INTO T_ORDER(ID) VALUES(1027)
INSERT INTO T_ORDER(ID) VALUES(1028)
INSERT INTO T_ORDER(ID) VALUES(1029)
INSERT INTO T_ORDER(ID) VALUES(1030)
INSERT INTO T_ORDER(ID) VALUES(1031)
INSERT INTO T_ORDER(ID) VALUES(1032)
INSERT INTO T_ORDER(ID) VALUES(1033)
INSERT INTO T_ORDER(ID) VALUES(1034)
INSERT INTO T_ORDER(ID) VALUES(1035)
INSERT INTO T_ORDER(ID) VALUES(1036)
INSERT INTO T_ORDER(ID) VALUES(1037)
INSERT INTO T_ORDER(ID) VALUES(1038)
INSERT INTO T_ORDER(ID) VALUES(1039)
INSERT INTO T_ORDER(ID) VALUES(1040)
INSERT INTO T_ORDER(ID) VALUES(1041)
INSERT INTO T_ORDER(ID) VALUES(1042)
INSERT INTO T_ORDER(ID) VALUES(1043)
INSERT INTO T_ORDER(ID) VALUES(1044)
INSERT INTO T_ORDER(ID) VALUES(1045)
INSERT INTO T_ORDER(ID) VALUES(1046)
INSERT INTO T_ORDER(ID) VALUES(1047)
INSERT INTO T_ORDER(ID) VALUES(1048)
INSERT INTO T_ORDER(ID) VALUES(1049)
INSERT INTO T_ORDER(ID) VALUES(1050)
INSERT INTO T_ORDER(ID) VALUES(1051)
INSERT INTO T_ORDER(ID) VALUES(1052)
INSERT INTO T_ORDER(ID) VALUES(1053)
INSERT INTO T_ORDER(ID) VALUES(1054)
INSERT INTO T_ORDER(ID) VALUES(1055)
INSERT INTO T_ORDER(ID) VALUES(1056)
INSERT INTO T_ORDER(ID) VALUES(1057)
INSERT INTO T_ORDER(ID) VALUES(1058)
INSERT INTO T_ORDER(ID) VALUES(1059)
INSERT INTO T_ORDER(ID) VALUES(1060)
INSERT INTO T_ORDER(ID) VALUES(1061)
INSERT INTO T_ORDER(ID) VALUES(1062)
INSERT INTO T_ORDER(ID) VALUES(1063)
INSERT INTO T_ORDER(ID) VALUES(1064)
INSERT INTO T_ORDER(ID) VALUES(1065)
INSERT INTO T_ORDER(ID) VALUES(1066)
INSERT INTO T_ORDER(ID) VALUES(1067)
INSERT INTO T_ORDER(ID) VALUES(1068)
INSERT INTO T_ORDER(ID) VALUES(1069)
INSERT INTO T_ORDER(ID) VALUES(1070)
INSERT INTO T_ORDER(ID) VALUES(1071)
INSERT INTO T_ORDER(ID) VALUES(1072)
INSERT INTO T_ORDER(ID) VALUES(1073)
INSERT INTO T_ORDER(ID) VALUES(1074)
INSERT INTO T_ORDER(ID) VALUES(1075)
INSERT INTO T_ORDER(ID) VALUES(1076)
INSERT INTO T_ORDER(ID) VALUES(1077)
INSERT INTO T_ORDER(ID) VALUES(1078)
INSERT INTO T_ORDER(ID) VALUES(1079)
INSERT INTO T_ORDER(ID) VALUES(1080)
INSERT INTO T_ORDER(ID) VALUES(1081)
INSERT INTO T_ORDER(ID) VALUES(1082)
INSERT INTO T_ORDER(ID) VALUES(1083)
INSERT INTO T_ORDER(ID) VALUES(1084)
INSERT INTO T_ORDER(ID) VALUES(1085)
INSERT INTO T_ORDER(ID) VALUES(1086)
INSERT INTO T_ORDER(ID) VALUES(1087)
INSERT INTO T_ORDER(ID) VALUES(1088)
INSERT INTO T_ORDER(ID) VALUES(1089)
INSERT INTO T_ORDER(ID) VALUES(1090)
INSERT INTO T_ORDER(ID) VALUES(1091)
INSERT INTO T_ORDER(ID) VALUES(1092)
INSERT INTO T_ORDER(ID) VALUES(1093)
INSERT INTO T_ORDER(ID) VALUES(1094)
INSERT INTO T_ORDER(ID) VALUES(1095)
INSERT INTO T_ORDER(ID) VALUES(1096)
INSERT INTO T_ORDER(ID) VALUES(1097)
INSERT INTO T_ORDER(ID) VALUES(1098)
INSERT INTO T_ORDER(ID) VALUES(1099)

INSERT INTO T_ORDER_ITEM(ID, ORDER_ID, ITEM_ID) VALUES(0, 1000, 434)
INSERT INTO T_ORDER_ITEM(ID, ORDER_ID, ITEM_ID) VALUES(1, 1000, 72)
INSERT INTO T_ORDER_ITEM(ID, ORDER_ID, ITEM_ID) VALUES(2, 1000, 277)
INSERT INTO T_ORDER_ITEM(ID, ORDER_ID, ITEM_ID) VALUES(3, 1000, 389)
INSERT INTO T_ORDER_ITEM(ID, ORDER_ID, ITEM_ID) VALUES(4, 1000, 34)
INSERT INTO T_ORDER_ITEM(ID, ORDER_ID, ITEM_ID) VALUES(5, 1001, 305)
INSERT INTO T_ORDER_ITEM(ID, ORDER_ID, ITEM_ID) VALUES(6, 1001, 86)
INSERT INTO T_ORDER_ITEM(ID, ORDER_ID, ITEM_ID) VALUES(7, 1001, 387)
INSERT INTO T_ORDER_ITEM(ID, ORDER_ID, ITEM_ID) VALUES(8, 1001, 44)
INSERT INTO T_ORDER_ITEM(ID, ORDER_ID, ITEM_ID) VALUES(9, 1001, 77)
INSERT INTO T_ORDER_ITEM(ID, ORDER_ID, ITEM_ID) VALUES(10, 1002, 276)
INSERT INTO T_ORDER_ITEM(ID, ORDER_ID, ITEM_ID) VALUES(11, 1002, 104)
INSERT INTO T_ORDER_ITEM(ID, ORDER_ID, ITEM_ID) VALUES(12, 1002, 25)
INSERT INTO T_ORDER_ITEM(ID, ORDER_ID, ITEM_ID) VALUES(13, 1002, 265)
INSERT INTO T_ORDER_ITEM(ID, ORDER_ID, ITEM_ID) VALUES(14, 1002, 486)
INSERT INTO T_ORDER_ITEM(ID, ORDER_ID, ITEM_ID) VALUES(15, 1003, 409)
INSERT INTO T_ORDER_ITEM(ID, ORDER_ID, ITEM_ID) VALUES(16, 1003, 458)
INSERT INTO T_ORDER_ITEM(ID, ORDER_ID, ITEM_ID) VALUES(17, 1003, 200)
INSERT INTO T_ORDER_ITEM(ID, ORDER_ID, ITEM_ID) VALUES(18, 1003, 65)
INSERT INTO T_ORDER_ITEM(ID, ORDER_ID, ITEM_ID) VALUES(19, 1003, 155)
INSERT INTO T_ORDER_ITEM(ID, ORDER_ID, ITEM_ID) VALUES(20, 1004, 396)
INSERT INTO T_ORDER_ITEM(ID, ORDER_ID, ITEM_ID) VALUES(21, 1004, 412)
INSERT INTO T_ORDER_ITEM(ID, ORDER_ID, ITEM_ID) VALUES(22, 1004, 251)
INSERT INTO T_ORDER_ITEM(ID, ORDER_ID, ITEM_ID) VALUES(23, 1004, 344)
INSERT INTO T_ORDER_ITEM(ID, ORDER_ID, ITEM_ID) VALUES(24, 1004, 334)
INSERT INTO T_ORDER_ITEM(ID, ORDER_ID, ITEM_ID) VALUES(25, 1005, 150)
INSERT INTO T_ORDER_ITEM(ID, ORDER_ID, ITEM_ID) VALUES(26, 1005, 131)
INSERT INTO T_ORDER_ITEM(ID, ORDER_ID, ITEM_ID) VALUES(27, 1005, 449)
INSERT INTO T_ORDER_ITEM(ID, ORDER_ID, ITEM_ID) VALUES(28, 1005, 203)
INSERT INTO T_ORDER_ITEM(ID, ORDER_ID, ITEM_ID) VALUES(29, 1005, 70)
INSERT INTO T_ORDER_ITEM(ID, ORDER_ID, ITEM_ID) VALUES(30, 1006, 391)
INSERT INTO T_ORDER_ITEM(ID, ORDER_ID, ITEM_ID) VALUES(31, 1006, 182)
INSERT INTO T_ORDER_ITEM(ID, ORDER_ID, ITEM_ID) VALUES(32, 1006, 268)
INSERT INTO T_ORDER_ITEM(ID, ORDER_ID, ITEM_ID) VALUES(33, 1006, 188)
INSERT INTO T_ORDER_ITEM(ID, ORDER_ID, ITEM_ID) VALUES(34, 1006, 275)
INSERT INTO T_ORDER_ITEM(ID, ORDER_ID, ITEM_ID) VALUES(35, 1007, 279)
INSERT INTO T_ORDER_ITEM(ID, ORDER_ID, ITEM_ID) VALUES(36, 1007, 71)
INSERT INTO T_ORDER_ITEM(ID, ORDER_ID, ITEM_ID) VALUES(37, 1007, 294)
INSERT INTO T_ORDER_ITEM(ID, ORDER_ID, ITEM_ID) VALUES(38, 1007, 307)
INSERT INTO T_ORDER_ITEM(ID, ORDER_ID, ITEM_ID) VALUES(39, 1007, 235)
INSERT INTO T_ORDER_ITEM(ID, ORDER_ID, ITEM_ID) VALUES(40, 1008, 46)
INSERT INTO T_ORDER_ITEM(ID, ORDER_ID, ITEM_ID) VALUES(41, 1008, 261)
INSERT INTO T_ORDER_ITEM(ID, ORDER_ID, ITEM_ID) VALUES(42, 1008, 51)
INSERT INTO T_ORDER_ITEM(ID, ORDER_ID, ITEM_ID) VALUES(43, 1008, 471)
INSERT INTO T_ORDER_ITEM(ID, ORDER_ID, ITEM_ID) VALUES(44, 1008, 427)
INSERT INTO T_ORDER_ITEM(ID, ORDER_ID, ITEM_ID) VALUES(45, 1009, 313)
INSERT INTO T_ORDER_ITEM(ID, ORDER_ID, ITEM_ID) VALUES(46, 1009, 191)
INSERT INTO T_ORDER_ITEM(ID, ORDER_ID, ITEM_ID) VALUES(47, 1009, 48)
INSERT INTO T_ORDER_ITEM(ID, ORDER_ID, ITEM_ID) VALUES(48, 1009, 55)
INSERT INTO T_ORDER_ITEM(ID, ORDER_ID, ITEM_ID) VALUES(49, 1009, 216)
INSERT INTO T_ORDER_ITEM(ID, ORDER_ID, ITEM_ID) VALUES(50, 1010, 336)
INSERT INTO T_ORDER_ITEM(ID, ORDER_ID, ITEM_ID) VALUES(51, 1010, 385)
INSERT INTO T_ORDER_ITEM(ID, ORDER_ID, ITEM_ID) VALUES(52, 1010, 3)
INSERT INTO T_ORDER_ITEM(ID, ORDER_ID, ITEM_ID) VALUES(53, 1010, 304)
INSERT INTO T_ORDER_ITEM(ID, ORDER_ID, ITEM_ID) VALUES(54, 1010, 97)
INSERT INTO T_ORDER_ITEM(ID, ORDER_ID, ITEM_ID) VALUES(55, 1011, 29)
INSERT INTO T_ORDER_ITEM(ID, ORDER_ID, ITEM_ID) VALUES(56, 1011, 397)
INSERT INTO T_ORDER_ITEM(ID, ORDER_ID, ITEM_ID) VALUES(57, 1011, 379)
INSERT INTO T_ORDER_ITEM(ID, ORDER_ID, ITEM_ID) VALUES(58, 1011, 56)
INSERT INTO T_ORDER_ITEM(ID, ORDER_ID, ITEM_ID) VALUES(59, 1011, 473)
INSERT INTO T_ORDER_ITEM(ID, ORDER_ID, ITEM_ID) VALUES(60, 1012, 102)
INSERT INTO T_ORDER_ITEM(ID, ORDER_ID, ITEM_ID) VALUES(61, 1012, 390)
INSERT INTO T_ORDER_ITEM(ID, ORDER_ID, ITEM_ID) VALUES(62, 1012, 266)
INSERT INTO T_ORDER_ITEM(ID, ORDER_ID, ITEM_ID) VALUES(63, 1012, 164)
INSERT INTO T_ORDER_ITEM(ID, ORDER_ID, ITEM_ID) VALUES(64, 1012, 31)
INSERT INTO T_ORDER_ITEM(ID, ORDER_ID, ITEM_ID) VALUES(65, 1013, 20)
INSERT INTO T_ORDER_ITEM(ID, ORDER_ID, ITEM_ID) VALUES(66, 1013, 485)
INSERT INTO T_ORDER_ITEM(ID, ORDER_ID, ITEM_ID) VALUES(67, 1013, 153)
INSERT INTO T_ORDER_ITEM(ID, ORDER_ID, ITEM_ID) VALUES(68, 1013, 459)
INSERT INTO T_ORDER_ITEM(ID, ORDER_ID, ITEM_ID) VALUES(69, 1013, 333)
INSERT INTO T_ORDER_ITEM(ID, ORDER_ID, ITEM_ID) VALUES(70, 1014, 60)
INSERT INTO T_ORDER_ITEM(ID, ORDER_ID, ITEM_ID) VALUES(71, 1014, 242)
INSERT INTO T_ORDER_ITEM(ID, ORDER_ID, ITEM_ID) VALUES(72, 1014, 289)
INSERT INTO T_ORDER_ITEM(ID, ORDER_ID, ITEM_ID) VALUES(73, 1014, 194)
INSERT INTO T_ORDER_ITEM(ID, ORDER_ID, ITEM_ID) VALUES(74, 1014, 76)
INSERT INTO T_ORDER_ITEM(ID, ORDER_ID, ITEM_ID) VALUES(75, 1015, 63)
INSERT INTO T_ORDER_ITEM(ID, ORDER_ID, ITEM_ID) VALUES(76, 1015, 291)
INSERT INTO T_ORDER_ITEM(ID, ORDER_ID, ITEM_ID) VALUES(77, 1015, 492)
INSERT INTO T_ORDER_ITEM(ID, ORDER_ID, ITEM_ID) VALUES(78, 1015, 197)
INSERT INTO T_ORDER_ITEM(ID, ORDER_ID, ITEM_ID) VALUES(79, 1015, 286)
INSERT INTO T_ORDER_ITEM(ID, ORDER_ID, ITEM_ID) VALUES(80, 1016, 115)
INSERT INTO T_ORDER_ITEM(ID, ORDER_ID, ITEM_ID) VALUES(81, 1016, 419)
INSERT INTO T_ORDER_ITEM(ID, ORDER_ID, ITEM_ID) VALUES(82, 1016, 323)
INSERT INTO T_ORDER_ITEM(ID, ORDER_ID, ITEM_ID) VALUES(83, 1016, 371)
INSERT INTO T_ORDER_ITEM(ID, ORDER_ID, ITEM_ID) VALUES(84, 1016, 351)
INSERT INTO T_ORDER_ITEM(ID, ORDER_ID, ITEM_ID) VALUES(85, 1017, 319)
INSERT INTO T_ORDER_ITEM(ID, ORDER_ID, ITEM_ID) VALUES(86, 1017, 103)
INSERT INTO T_ORDER_ITEM(ID, ORDER_ID, ITEM_ID) VALUES(87, 1017, 328)
INSERT INTO T_ORDER_ITEM(ID, ORDER_ID, ITEM_ID) VALUES(88, 1017, 113)
INSERT INTO T_ORDER_ITEM(ID, ORDER_ID, ITEM_ID) VALUES(89, 1017, 386)
INSERT INTO T_ORDER_ITEM(ID, ORDER_ID, ITEM_ID) VALUES(90, 1018, 62)
INSERT INTO T_ORDER_ITEM(ID, ORDER_ID, ITEM_ID) VALUES(91, 1018, 292)
INSERT INTO T_ORDER_ITEM(ID, ORDER_ID, ITEM_ID) VALUES(92, 1018, 320)
INSERT INTO T_ORDER_ITEM(ID, ORDER_ID, ITEM_ID) VALUES(93, 1018, 237)
INSERT INTO T_ORDER_ITEM(ID, ORDER_ID, ITEM_ID) VALUES(94, 1018, 354)
INSERT INTO T_ORDER_ITEM(ID, ORDER_ID, ITEM_ID) VALUES(95, 1019, 68)
INSERT INTO T_ORDER_ITEM(ID, ORDER_ID, ITEM_ID) VALUES(96, 1019, 192)
INSERT INTO T_ORDER_ITEM(ID, ORDER_ID, ITEM_ID) VALUES(97, 1019, 433)
INSERT INTO T_ORDER_ITEM(ID, ORDER_ID, ITEM_ID) VALUES(98, 1019, 196)
INSERT INTO T_ORDER_ITEM(ID, ORDER_ID, ITEM_ID) VALUES(99, 1019, 37)
INSERT INTO T_ORDER_ITEM(ID, ORDER_ID, ITEM_ID) VALUES(100, 1020, 218)
INSERT INTO T_ORDER_ITEM(ID, ORDER_ID, ITEM_ID) VALUES(101, 1020, 393)
INSERT INTO T_ORDER_ITEM(ID, ORDER_ID, ITEM_ID) VALUES(102, 1020, 401)
INSERT INTO T_ORDER_ITEM(ID, ORDER_ID, ITEM_ID) VALUES(103, 1020, 229)
INSERT INTO T_ORDER_ITEM(ID, ORDER_ID, ITEM_ID) VALUES(104, 1020, 178)
INSERT INTO T_ORDER_ITEM(ID, ORDER_ID, ITEM_ID) VALUES(105, 1021, 101)
INSERT INTO T_ORDER_ITEM(ID, ORDER_ID, ITEM_ID) VALUES(106, 1021, 392)
INSERT INTO T_ORDER_ITEM(ID, ORDER_ID, ITEM_ID) VALUES(107, 1021, 451)
INSERT INTO T_ORDER_ITEM(ID, ORDER_ID, ITEM_ID) VALUES(108, 1021, 356)
INSERT INTO T_ORDER_ITEM(ID, ORDER_ID, ITEM_ID) VALUES(109, 1021, 15)
INSERT INTO T_ORDER_ITEM(ID, ORDER_ID, ITEM_ID) VALUES(110, 1022, 377)
INSERT INTO T_ORDER_ITEM(ID, ORDER_ID, ITEM_ID) VALUES(111, 1022, 284)
INSERT INTO T_ORDER_ITEM(ID, ORDER_ID, ITEM_ID) VALUES(112, 1022, 35)
INSERT INTO T_ORDER_ITEM(ID, ORDER_ID, ITEM_ID) VALUES(113, 1022, 311)
INSERT INTO T_ORDER_ITEM(ID, ORDER_ID, ITEM_ID) VALUES(114, 1022, 429)
INSERT INTO T_ORDER_ITEM(ID, ORDER_ID, ITEM_ID) VALUES(115, 1023, 376)
INSERT INTO T_ORDER_ITEM(ID, ORDER_ID, ITEM_ID) VALUES(116, 1023, 439)
INSERT INTO T_ORDER_ITEM(ID, ORDER_ID, ITEM_ID) VALUES(117, 1023, 144)
INSERT INTO T_ORDER_ITEM(ID, ORDER_ID, ITEM_ID) VALUES(118, 1023, 318)
INSERT INTO T_ORDER_ITEM(ID, ORDER_ID, ITEM_ID) VALUES(119, 1023, 7)
INSERT INTO T_ORDER_ITEM(ID, ORDER_ID, ITEM_ID) VALUES(120, 1024, 474)
INSERT INTO T_ORDER_ITEM(ID, ORDER_ID, ITEM_ID) VALUES(121, 1024, 132)
INSERT INTO T_ORDER_ITEM(ID, ORDER_ID, ITEM_ID) VALUES(122, 1024, 83)
INSERT INTO T_ORDER_ITEM(ID, ORDER_ID, ITEM_ID) VALUES(123, 1024, 208)
INSERT INTO T_ORDER_ITEM(ID, ORDER_ID, ITEM_ID) VALUES(124, 1024, 8)
INSERT INTO T_ORDER_ITEM(ID, ORDER_ID, ITEM_ID) VALUES(125, 1025, 233)
INSERT INTO T_ORDER_ITEM(ID, ORDER_ID, ITEM_ID) VALUES(126, 1025, 12)
INSERT INTO T_ORDER_ITEM(ID, ORDER_ID, ITEM_ID) VALUES(127, 1025, 246)
INSERT INTO T_ORDER_ITEM(ID, ORDER_ID, ITEM_ID) VALUES(128, 1025, 404)
INSERT INTO T_ORDER_ITEM(ID, ORDER_ID, ITEM_ID) VALUES(129, 1025, 142)
INSERT INTO T_ORDER_ITEM(ID, ORDER_ID, ITEM_ID) VALUES(130, 1026, 53)
INSERT INTO T_ORDER_ITEM(ID, ORDER_ID, ITEM_ID) VALUES(131, 1026, 252)
INSERT INTO T_ORDER_ITEM(ID, ORDER_ID, ITEM_ID) VALUES(132, 1026, 347)
INSERT INTO T_ORDER_ITEM(ID, ORDER_ID, ITEM_ID) VALUES(133, 1026, 236)
INSERT INTO T_ORDER_ITEM(ID, ORDER_ID, ITEM_ID) VALUES(134, 1026, 129)
INSERT INTO T_ORDER_ITEM(ID, ORDER_ID, ITEM_ID) VALUES(135, 1027, 398)
INSERT INTO T_ORDER_ITEM(ID, ORDER_ID, ITEM_ID) VALUES(136, 1027, 374)
INSERT INTO T_ORDER_ITEM(ID, ORDER_ID, ITEM_ID) VALUES(137, 1027, 91)
INSERT INTO T_ORDER_ITEM(ID, ORDER_ID, ITEM_ID) VALUES(138, 1027, 217)
INSERT INTO T_ORDER_ITEM(ID, ORDER_ID, ITEM_ID) VALUES(139, 1027, 423)
INSERT INTO T_ORDER_ITEM(ID, ORDER_ID, ITEM_ID) VALUES(140, 1028, 228)
INSERT INTO T_ORDER_ITEM(ID, ORDER_ID, ITEM_ID) VALUES(141, 1028, 156)
INSERT INTO T_ORDER_ITEM(ID, ORDER_ID, ITEM_ID) VALUES(142, 1028, 388)
INSERT INTO T_ORDER_ITEM(ID, ORDER_ID, ITEM_ID) VALUES(143, 1028, 368)
INSERT INTO T_ORDER_ITEM(ID, ORDER_ID, ITEM_ID) VALUES(144, 1028, 484)
INSERT INTO T_ORDER_ITEM(ID, ORDER_ID, ITEM_ID) VALUES(145, 1029, 141)
INSERT INTO T_ORDER_ITEM(ID, ORDER_ID, ITEM_ID) VALUES(146, 1029, 345)
INSERT INTO T_ORDER_ITEM(ID, ORDER_ID, ITEM_ID) VALUES(147, 1029, 126)
INSERT INTO T_ORDER_ITEM(ID, ORDER_ID, ITEM_ID) VALUES(148, 1029, 343)
INSERT INTO T_ORDER_ITEM(ID, ORDER_ID, ITEM_ID) VALUES(149, 1029, 346)
INSERT INTO T_ORDER_ITEM(ID, ORDER_ID, ITEM_ID) VALUES(150, 1030, 16)
INSERT INTO T_ORDER_ITEM(ID, ORDER_ID, ITEM_ID) VALUES(151, 1030, 422)
INSERT INTO T_ORDER_ITEM(ID, ORDER_ID, ITEM_ID) VALUES(152, 1030, 352)
INSERT INTO T_ORDER_ITEM(ID, ORDER_ID, ITEM_ID) VALUES(153, 1030, 327)
INSERT INTO T_ORDER_ITEM(ID, ORDER_ID, ITEM_ID) VALUES(154, 1030, 107)
INSERT INTO T_ORDER_ITEM(ID, ORDER_ID, ITEM_ID) VALUES(155, 1031, 58)
INSERT INTO T_ORDER_ITEM(ID, ORDER_ID, ITEM_ID) VALUES(156, 1031, 232)
INSERT INTO T_ORDER_ITEM(ID, ORDER_ID, ITEM_ID) VALUES(157, 1031, 39)
INSERT INTO T_ORDER_ITEM(ID, ORDER_ID, ITEM_ID) VALUES(158, 1031, 204)
INSERT INTO T_ORDER_ITEM(ID, ORDER_ID, ITEM_ID) VALUES(159, 1031, 467)
INSERT INTO T_ORDER_ITEM(ID, ORDER_ID, ITEM_ID) VALUES(160, 1032, 380)
INSERT INTO T_ORDER_ITEM(ID, ORDER_ID, ITEM_ID) VALUES(161, 1032, 282)
INSERT INTO T_ORDER_ITEM(ID, ORDER_ID, ITEM_ID) VALUES(162, 1032, 373)
INSERT INTO T_ORDER_ITEM(ID, ORDER_ID, ITEM_ID) VALUES(163, 1032, 183)
INSERT INTO T_ORDER_ITEM(ID, ORDER_ID, ITEM_ID) VALUES(164, 1032, 47)
INSERT INTO T_ORDER_ITEM(ID, ORDER_ID, ITEM_ID) VALUES(165, 1033, 202)
INSERT INTO T_ORDER_ITEM(ID, ORDER_ID, ITEM_ID) VALUES(166, 1033, 253)
INSERT INTO T_ORDER_ITEM(ID, ORDER_ID, ITEM_ID) VALUES(167, 1033, 243)
INSERT INTO T_ORDER_ITEM(ID, ORDER_ID, ITEM_ID) VALUES(168, 1033, 324)
INSERT INTO T_ORDER_ITEM(ID, ORDER_ID, ITEM_ID) VALUES(169, 1033, 426)
INSERT INTO T_ORDER_ITEM(ID, ORDER_ID, ITEM_ID) VALUES(170, 1034, 88)
INSERT INTO T_ORDER_ITEM(ID, ORDER_ID, ITEM_ID) VALUES(171, 1034, 420)
INSERT INTO T_ORDER_ITEM(ID, ORDER_ID, ITEM_ID) VALUES(172, 1034, 138)
INSERT INTO T_ORDER_ITEM(ID, ORDER_ID, ITEM_ID) VALUES(173, 1034, 418)
INSERT INTO T_ORDER_ITEM(ID, ORDER_ID, ITEM_ID) VALUES(174, 1034, 317)
INSERT INTO T_ORDER_ITEM(ID, ORDER_ID, ITEM_ID) VALUES(175, 1035, 245)
INSERT INTO T_ORDER_ITEM(ID, ORDER_ID, ITEM_ID) VALUES(176, 1035, 161)
INSERT INTO T_ORDER_ITEM(ID, ORDER_ID, ITEM_ID) VALUES(177, 1035, 52)
INSERT INTO T_ORDER_ITEM(ID, ORDER_ID, ITEM_ID) VALUES(178, 1035, 19)
INSERT INTO T_ORDER_ITEM(ID, ORDER_ID, ITEM_ID) VALUES(179, 1035, 54)
INSERT INTO T_ORDER_ITEM(ID, ORDER_ID, ITEM_ID) VALUES(180, 1036, 148)
INSERT INTO T_ORDER_ITEM(ID, ORDER_ID, ITEM_ID) VALUES(181, 1036, 444)
INSERT INTO T_ORDER_ITEM(ID, ORDER_ID, ITEM_ID) VALUES(182, 1036, 199)
INSERT INTO T_ORDER_ITEM(ID, ORDER_ID, ITEM_ID) VALUES(183, 1036, 177)
INSERT INTO T_ORDER_ITEM(ID, ORDER_ID, ITEM_ID) VALUES(184, 1036, 175)
INSERT INTO T_ORDER_ITEM(ID, ORDER_ID, ITEM_ID) VALUES(185, 1037, 10)
INSERT INTO T_ORDER_ITEM(ID, ORDER_ID, ITEM_ID) VALUES(186, 1037, 0)
INSERT INTO T_ORDER_ITEM(ID, ORDER_ID, ITEM_ID) VALUES(187, 1037, 358)
INSERT INTO T_ORDER_ITEM(ID, ORDER_ID, ITEM_ID) VALUES(188, 1037, 186)
INSERT INTO T_ORDER_ITEM(ID, ORDER_ID, ITEM_ID) VALUES(189, 1037, 239)
INSERT INTO T_ORDER_ITEM(ID, ORDER_ID, ITEM_ID) VALUES(190, 1038, 363)
INSERT INTO T_ORDER_ITEM(ID, ORDER_ID, ITEM_ID) VALUES(191, 1038, 493)
INSERT INTO T_ORDER_ITEM(ID, ORDER_ID, ITEM_ID) VALUES(192, 1038, 162)
INSERT INTO T_ORDER_ITEM(ID, ORDER_ID, ITEM_ID) VALUES(193, 1038, 342)
INSERT INTO T_ORDER_ITEM(ID, ORDER_ID, ITEM_ID) VALUES(194, 1038, 378)
INSERT INTO T_ORDER_ITEM(ID, ORDER_ID, ITEM_ID) VALUES(195, 1039, 260)
INSERT INTO T_ORDER_ITEM(ID, ORDER_ID, ITEM_ID) VALUES(196, 1039, 436)
INSERT INTO T_ORDER_ITEM(ID, ORDER_ID, ITEM_ID) VALUES(197, 1039, 172)
INSERT INTO T_ORDER_ITEM(ID, ORDER_ID, ITEM_ID) VALUES(198, 1039, 159)
INSERT INTO T_ORDER_ITEM(ID, ORDER_ID, ITEM_ID) VALUES(199, 1039, 231)
INSERT INTO T_ORDER_ITEM(ID, ORDER_ID, ITEM_ID) VALUES(200, 1040, 476)
INSERT INTO T_ORDER_ITEM(ID, ORDER_ID, ITEM_ID) VALUES(201, 1040, 93)
INSERT INTO T_ORDER_ITEM(ID, ORDER_ID, ITEM_ID) VALUES(202, 1040, 384)
INSERT INTO T_ORDER_ITEM(ID, ORDER_ID, ITEM_ID) VALUES(203, 1040, 2)
INSERT INTO T_ORDER_ITEM(ID, ORDER_ID, ITEM_ID) VALUES(204, 1040, 285)
INSERT INTO T_ORDER_ITEM(ID, ORDER_ID, ITEM_ID) VALUES(205, 1041, 173)
INSERT INTO T_ORDER_ITEM(ID, ORDER_ID, ITEM_ID) VALUES(206, 1041, 499)
INSERT INTO T_ORDER_ITEM(ID, ORDER_ID, ITEM_ID) VALUES(207, 1041, 73)
INSERT INTO T_ORDER_ITEM(ID, ORDER_ID, ITEM_ID) VALUES(208, 1041, 254)
INSERT INTO T_ORDER_ITEM(ID, ORDER_ID, ITEM_ID) VALUES(209, 1041, 306)
INSERT INTO T_ORDER_ITEM(ID, ORDER_ID, ITEM_ID) VALUES(210, 1042, 118)
INSERT INTO T_ORDER_ITEM(ID, ORDER_ID, ITEM_ID) VALUES(211, 1042, 454)
INSERT INTO T_ORDER_ITEM(ID, ORDER_ID, ITEM_ID) VALUES(212, 1042, 248)
INSERT INTO T_ORDER_ITEM(ID, ORDER_ID, ITEM_ID) VALUES(213, 1042, 185)
INSERT INTO T_ORDER_ITEM(ID, ORDER_ID, ITEM_ID) VALUES(214, 1042, 475)
INSERT INTO T_ORDER_ITEM(ID, ORDER_ID, ITEM_ID) VALUES(215, 1043, 367)
INSERT INTO T_ORDER_ITEM(ID, ORDER_ID, ITEM_ID) VALUES(216, 1043, 341)
INSERT INTO T_ORDER_ITEM(ID, ORDER_ID, ITEM_ID) VALUES(217, 1043, 223)
INSERT INTO T_ORDER_ITEM(ID, ORDER_ID, ITEM_ID) VALUES(218, 1043, 134)
INSERT INTO T_ORDER_ITEM(ID, ORDER_ID, ITEM_ID) VALUES(219, 1043, 224)
INSERT INTO T_ORDER_ITEM(ID, ORDER_ID, ITEM_ID) VALUES(220, 1044, 369)
INSERT INTO T_ORDER_ITEM(ID, ORDER_ID, ITEM_ID) VALUES(221, 1044, 84)
INSERT INTO T_ORDER_ITEM(ID, ORDER_ID, ITEM_ID) VALUES(222, 1044, 171)
INSERT INTO T_ORDER_ITEM(ID, ORDER_ID, ITEM_ID) VALUES(223, 1044, 465)
INSERT INTO T_ORDER_ITEM(ID, ORDER_ID, ITEM_ID) VALUES(224, 1044, 227)
INSERT INTO T_ORDER_ITEM(ID, ORDER_ID, ITEM_ID) VALUES(225, 1045, 180)
INSERT INTO T_ORDER_ITEM(ID, ORDER_ID, ITEM_ID) VALUES(226, 1045, 348)
INSERT INTO T_ORDER_ITEM(ID, ORDER_ID, ITEM_ID) VALUES(227, 1045, 117)
INSERT INTO T_ORDER_ITEM(ID, ORDER_ID, ITEM_ID) VALUES(228, 1045, 464)
INSERT INTO T_ORDER_ITEM(ID, ORDER_ID, ITEM_ID) VALUES(229, 1045, 383)
INSERT INTO T_ORDER_ITEM(ID, ORDER_ID, ITEM_ID) VALUES(230, 1046, 402)
INSERT INTO T_ORDER_ITEM(ID, ORDER_ID, ITEM_ID) VALUES(231, 1046, 105)
INSERT INTO T_ORDER_ITEM(ID, ORDER_ID, ITEM_ID) VALUES(232, 1046, 96)
INSERT INTO T_ORDER_ITEM(ID, ORDER_ID, ITEM_ID) VALUES(233, 1046, 149)
INSERT INTO T_ORDER_ITEM(ID, ORDER_ID, ITEM_ID) VALUES(234, 1046, 234)
INSERT INTO T_ORDER_ITEM(ID, ORDER_ID, ITEM_ID) VALUES(235, 1047, 298)
INSERT INTO T_ORDER_ITEM(ID, ORDER_ID, ITEM_ID) VALUES(236, 1047, 329)
INSERT INTO T_ORDER_ITEM(ID, ORDER_ID, ITEM_ID) VALUES(237, 1047, 64)
INSERT INTO T_ORDER_ITEM(ID, ORDER_ID, ITEM_ID) VALUES(238, 1047, 468)
INSERT INTO T_ORDER_ITEM(ID, ORDER_ID, ITEM_ID) VALUES(239, 1047, 453)
INSERT INTO T_ORDER_ITEM(ID, ORDER_ID, ITEM_ID) VALUES(240, 1048, 296)
INSERT INTO T_ORDER_ITEM(ID, ORDER_ID, ITEM_ID) VALUES(241, 1048, 89)
INSERT INTO T_ORDER_ITEM(ID, ORDER_ID, ITEM_ID) VALUES(242, 1048, 207)
INSERT INTO T_ORDER_ITEM(ID, ORDER_ID, ITEM_ID) VALUES(243, 1048, 460)
INSERT INTO T_ORDER_ITEM(ID, ORDER_ID, ITEM_ID) VALUES(244, 1048, 440)
INSERT INTO T_ORDER_ITEM(ID, ORDER_ID, ITEM_ID) VALUES(245, 1049, 463)
INSERT INTO T_ORDER_ITEM(ID, ORDER_ID, ITEM_ID) VALUES(246, 1049, 238)
INSERT INTO T_ORDER_ITEM(ID, ORDER_ID, ITEM_ID) VALUES(247, 1049, 147)
INSERT INTO T_ORDER_ITEM(ID, ORDER_ID, ITEM_ID) VALUES(248, 1049, 100)
INSERT INTO T_ORDER_ITEM(ID, ORDER_ID, ITEM_ID) VALUES(249, 1049, 98)
INSERT INTO T_ORDER_ITEM(ID, ORDER_ID, ITEM_ID) VALUES(250, 1050, 151)
INSERT INTO T_ORDER_ITEM(ID, ORDER_ID, ITEM_ID) VALUES(251, 1050, 214)
INSERT INTO T_ORDER_ITEM(ID, ORDER_ID, ITEM_ID) VALUES(252, 1050, 66)
INSERT INTO T_ORDER_ITEM(ID, ORDER_ID, ITEM_ID) VALUES(253, 1050, 479)
INSERT INTO T_ORDER_ITEM(ID, ORDER_ID, ITEM_ID) VALUES(254, 1050, 122)
INSERT INTO T_ORDER_ITEM(ID, ORDER_ID, ITEM_ID) VALUES(255, 1051, 67)
INSERT INTO T_ORDER_ITEM(ID, ORDER_ID, ITEM_ID) VALUES(256, 1051, 157)
INSERT INTO T_ORDER_ITEM(ID, ORDER_ID, ITEM_ID) VALUES(257, 1051, 338)
INSERT INTO T_ORDER_ITEM(ID, ORDER_ID, ITEM_ID) VALUES(258, 1051, 75)
INSERT INTO T_ORDER_ITEM(ID, ORDER_ID, ITEM_ID) VALUES(259, 1051, 283)
INSERT INTO T_ORDER_ITEM(ID, ORDER_ID, ITEM_ID) VALUES(260, 1052, 154)
INSERT INTO T_ORDER_ITEM(ID, ORDER_ID, ITEM_ID) VALUES(261, 1052, 130)
INSERT INTO T_ORDER_ITEM(ID, ORDER_ID, ITEM_ID) VALUES(262, 1052, 14)
INSERT INTO T_ORDER_ITEM(ID, ORDER_ID, ITEM_ID) VALUES(263, 1052, 79)
INSERT INTO T_ORDER_ITEM(ID, ORDER_ID, ITEM_ID) VALUES(264, 1052, 221)
INSERT INTO T_ORDER_ITEM(ID, ORDER_ID, ITEM_ID) VALUES(265, 1053, 209)
INSERT INTO T_ORDER_ITEM(ID, ORDER_ID, ITEM_ID) VALUES(266, 1053, 80)
INSERT INTO T_ORDER_ITEM(ID, ORDER_ID, ITEM_ID) VALUES(267, 1053, 6)
INSERT INTO T_ORDER_ITEM(ID, ORDER_ID, ITEM_ID) VALUES(268, 1053, 136)
INSERT INTO T_ORDER_ITEM(ID, ORDER_ID, ITEM_ID) VALUES(269, 1053, 431)
INSERT INTO T_ORDER_ITEM(ID, ORDER_ID, ITEM_ID) VALUES(270, 1054, 9)
INSERT INTO T_ORDER_ITEM(ID, ORDER_ID, ITEM_ID) VALUES(271, 1054, 43)
INSERT INTO T_ORDER_ITEM(ID, ORDER_ID, ITEM_ID) VALUES(272, 1054, 160)
INSERT INTO T_ORDER_ITEM(ID, ORDER_ID, ITEM_ID) VALUES(273, 1054, 316)
INSERT INTO T_ORDER_ITEM(ID, ORDER_ID, ITEM_ID) VALUES(274, 1054, 443)
INSERT INTO T_ORDER_ITEM(ID, ORDER_ID, ITEM_ID) VALUES(275, 1055, 278)
INSERT INTO T_ORDER_ITEM(ID, ORDER_ID, ITEM_ID) VALUES(276, 1055, 128)
INSERT INTO T_ORDER_ITEM(ID, ORDER_ID, ITEM_ID) VALUES(277, 1055, 174)
INSERT INTO T_ORDER_ITEM(ID, ORDER_ID, ITEM_ID) VALUES(278, 1055, 447)
INSERT INTO T_ORDER_ITEM(ID, ORDER_ID, ITEM_ID) VALUES(279, 1055, 400)
INSERT INTO T_ORDER_ITEM(ID, ORDER_ID, ITEM_ID) VALUES(280, 1056, 145)
INSERT INTO T_ORDER_ITEM(ID, ORDER_ID, ITEM_ID) VALUES(281, 1056, 483)
INSERT INTO T_ORDER_ITEM(ID, ORDER_ID, ITEM_ID) VALUES(282, 1056, 478)
INSERT INTO T_ORDER_ITEM(ID, ORDER_ID, ITEM_ID) VALUES(283, 1056, 331)
INSERT INTO T_ORDER_ITEM(ID, ORDER_ID, ITEM_ID) VALUES(284, 1056, 481)
INSERT INTO T_ORDER_ITEM(ID, ORDER_ID, ITEM_ID) VALUES(285, 1057, 339)
INSERT INTO T_ORDER_ITEM(ID, ORDER_ID, ITEM_ID) VALUES(286, 1057, 230)
INSERT INTO T_ORDER_ITEM(ID, ORDER_ID, ITEM_ID) VALUES(287, 1057, 111)
INSERT INTO T_ORDER_ITEM(ID, ORDER_ID, ITEM_ID) VALUES(288, 1057, 491)
INSERT INTO T_ORDER_ITEM(ID, ORDER_ID, ITEM_ID) VALUES(289, 1057, 42)
INSERT INTO T_ORDER_ITEM(ID, ORDER_ID, ITEM_ID) VALUES(290, 1058, 325)
INSERT INTO T_ORDER_ITEM(ID, ORDER_ID, ITEM_ID) VALUES(291, 1058, 181)
INSERT INTO T_ORDER_ITEM(ID, ORDER_ID, ITEM_ID) VALUES(292, 1058, 1)
INSERT INTO T_ORDER_ITEM(ID, ORDER_ID, ITEM_ID) VALUES(293, 1058, 259)
INSERT INTO T_ORDER_ITEM(ID, ORDER_ID, ITEM_ID) VALUES(294, 1058, 302)
INSERT INTO T_ORDER_ITEM(ID, ORDER_ID, ITEM_ID) VALUES(295, 1059, 247)
INSERT INTO T_ORDER_ITEM(ID, ORDER_ID, ITEM_ID) VALUES(296, 1059, 350)
INSERT INTO T_ORDER_ITEM(ID, ORDER_ID, ITEM_ID) VALUES(297, 1059, 410)
INSERT INTO T_ORDER_ITEM(ID, ORDER_ID, ITEM_ID) VALUES(298, 1059, 452)
INSERT INTO T_ORDER_ITEM(ID, ORDER_ID, ITEM_ID) VALUES(299, 1059, 326)
INSERT INTO T_ORDER_ITEM(ID, ORDER_ID, ITEM_ID) VALUES(300, 1060, 169)
INSERT INTO T_ORDER_ITEM(ID, ORDER_ID, ITEM_ID) VALUES(301, 1060, 41)
INSERT INTO T_ORDER_ITEM(ID, ORDER_ID, ITEM_ID) VALUES(302, 1060, 421)
INSERT INTO T_ORDER_ITEM(ID, ORDER_ID, ITEM_ID) VALUES(303, 1060, 273)
INSERT INTO T_ORDER_ITEM(ID, ORDER_ID, ITEM_ID) VALUES(304, 1060, 403)
INSERT INTO T_ORDER_ITEM(ID, ORDER_ID, ITEM_ID) VALUES(305, 1061, 487)
INSERT INTO T_ORDER_ITEM(ID, ORDER_ID, ITEM_ID) VALUES(306, 1061, 269)
INSERT INTO T_ORDER_ITEM(ID, ORDER_ID, ITEM_ID) VALUES(307, 1061, 303)
INSERT INTO T_ORDER_ITEM(ID, ORDER_ID, ITEM_ID) VALUES(308, 1061, 165)
INSERT INTO T_ORDER_ITEM(ID, ORDER_ID, ITEM_ID) VALUES(309, 1061, 450)
INSERT INTO T_ORDER_ITEM(ID, ORDER_ID, ITEM_ID) VALUES(310, 1062, 297)
INSERT INTO T_ORDER_ITEM(ID, ORDER_ID, ITEM_ID) VALUES(311, 1062, 110)
INSERT INTO T_ORDER_ITEM(ID, ORDER_ID, ITEM_ID) VALUES(312, 1062, 40)
INSERT INTO T_ORDER_ITEM(ID, ORDER_ID, ITEM_ID) VALUES(313, 1062, 240)
INSERT INTO T_ORDER_ITEM(ID, ORDER_ID, ITEM_ID) VALUES(314, 1062, 176)
INSERT INTO T_ORDER_ITEM(ID, ORDER_ID, ITEM_ID) VALUES(315, 1063, 119)
INSERT INTO T_ORDER_ITEM(ID, ORDER_ID, ITEM_ID) VALUES(316, 1063, 395)
INSERT INTO T_ORDER_ITEM(ID, ORDER_ID, ITEM_ID) VALUES(317, 1063, 360)
INSERT INTO T_ORDER_ITEM(ID, ORDER_ID, ITEM_ID) VALUES(318, 1063, 366)
INSERT INTO T_ORDER_ITEM(ID, ORDER_ID, ITEM_ID) VALUES(319, 1063, 438)
INSERT INTO T_ORDER_ITEM(ID, ORDER_ID, ITEM_ID) VALUES(320, 1064, 258)
INSERT INTO T_ORDER_ITEM(ID, ORDER_ID, ITEM_ID) VALUES(321, 1064, 210)
INSERT INTO T_ORDER_ITEM(ID, ORDER_ID, ITEM_ID) VALUES(322, 1064, 399)
INSERT INTO T_ORDER_ITEM(ID, ORDER_ID, ITEM_ID) VALUES(323, 1064, 394)
INSERT INTO T_ORDER_ITEM(ID, ORDER_ID, ITEM_ID) VALUES(324, 1064, 163)
INSERT INTO T_ORDER_ITEM(ID, ORDER_ID, ITEM_ID) VALUES(325, 1065, 330)
INSERT INTO T_ORDER_ITEM(ID, ORDER_ID, ITEM_ID) VALUES(326, 1065, 81)
INSERT INTO T_ORDER_ITEM(ID, ORDER_ID, ITEM_ID) VALUES(327, 1065, 480)
INSERT INTO T_ORDER_ITEM(ID, ORDER_ID, ITEM_ID) VALUES(328, 1065, 375)
INSERT INTO T_ORDER_ITEM(ID, ORDER_ID, ITEM_ID) VALUES(329, 1065, 359)
INSERT INTO T_ORDER_ITEM(ID, ORDER_ID, ITEM_ID) VALUES(330, 1066, 168)
INSERT INTO T_ORDER_ITEM(ID, ORDER_ID, ITEM_ID) VALUES(331, 1066, 280)
INSERT INTO T_ORDER_ITEM(ID, ORDER_ID, ITEM_ID) VALUES(332, 1066, 281)
INSERT INTO T_ORDER_ITEM(ID, ORDER_ID, ITEM_ID) VALUES(333, 1066, 249)
INSERT INTO T_ORDER_ITEM(ID, ORDER_ID, ITEM_ID) VALUES(334, 1066, 143)
INSERT INTO T_ORDER_ITEM(ID, ORDER_ID, ITEM_ID) VALUES(335, 1067, 225)
INSERT INTO T_ORDER_ITEM(ID, ORDER_ID, ITEM_ID) VALUES(336, 1067, 353)
INSERT INTO T_ORDER_ITEM(ID, ORDER_ID, ITEM_ID) VALUES(337, 1067, 87)
INSERT INTO T_ORDER_ITEM(ID, ORDER_ID, ITEM_ID) VALUES(338, 1067, 256)
INSERT INTO T_ORDER_ITEM(ID, ORDER_ID, ITEM_ID) VALUES(339, 1067, 425)
INSERT INTO T_ORDER_ITEM(ID, ORDER_ID, ITEM_ID) VALUES(340, 1068, 405)
INSERT INTO T_ORDER_ITEM(ID, ORDER_ID, ITEM_ID) VALUES(341, 1068, 274)
INSERT INTO T_ORDER_ITEM(ID, ORDER_ID, ITEM_ID) VALUES(342, 1068, 445)
INSERT INTO T_ORDER_ITEM(ID, ORDER_ID, ITEM_ID) VALUES(343, 1068, 140)
INSERT INTO T_ORDER_ITEM(ID, ORDER_ID, ITEM_ID) VALUES(344, 1068, 21)
INSERT INTO T_ORDER_ITEM(ID, ORDER_ID, ITEM_ID) VALUES(345, 1069, 124)
INSERT INTO T_ORDER_ITEM(ID, ORDER_ID, ITEM_ID) VALUES(346, 1069, 121)
INSERT INTO T_ORDER_ITEM(ID, ORDER_ID, ITEM_ID) VALUES(347, 1069, 152)
INSERT INTO T_ORDER_ITEM(ID, ORDER_ID, ITEM_ID) VALUES(348, 1069, 308)
INSERT INTO T_ORDER_ITEM(ID, ORDER_ID, ITEM_ID) VALUES(349, 1069, 466)
INSERT INTO T_ORDER_ITEM(ID, ORDER_ID, ITEM_ID) VALUES(350, 1070, 407)
INSERT INTO T_ORDER_ITEM(ID, ORDER_ID, ITEM_ID) VALUES(351, 1070, 494)
INSERT INTO T_ORDER_ITEM(ID, ORDER_ID, ITEM_ID) VALUES(352, 1070, 195)
INSERT INTO T_ORDER_ITEM(ID, ORDER_ID, ITEM_ID) VALUES(353, 1070, 90)
INSERT INTO T_ORDER_ITEM(ID, ORDER_ID, ITEM_ID) VALUES(354, 1070, 85)
INSERT INTO T_ORDER_ITEM(ID, ORDER_ID, ITEM_ID) VALUES(355, 1071, 255)
INSERT INTO T_ORDER_ITEM(ID, ORDER_ID, ITEM_ID) VALUES(356, 1071, 322)
INSERT INTO T_ORDER_ITEM(ID, ORDER_ID, ITEM_ID) VALUES(357, 1071, 408)
INSERT INTO T_ORDER_ITEM(ID, ORDER_ID, ITEM_ID) VALUES(358, 1071, 287)
INSERT INTO T_ORDER_ITEM(ID, ORDER_ID, ITEM_ID) VALUES(359, 1071, 270)
INSERT INTO T_ORDER_ITEM(ID, ORDER_ID, ITEM_ID) VALUES(360, 1072, 94)
INSERT INTO T_ORDER_ITEM(ID, ORDER_ID, ITEM_ID) VALUES(361, 1072, 219)
INSERT INTO T_ORDER_ITEM(ID, ORDER_ID, ITEM_ID) VALUES(362, 1072, 189)
INSERT INTO T_ORDER_ITEM(ID, ORDER_ID, ITEM_ID) VALUES(363, 1072, 206)
INSERT INTO T_ORDER_ITEM(ID, ORDER_ID, ITEM_ID) VALUES(364, 1072, 349)
INSERT INTO T_ORDER_ITEM(ID, ORDER_ID, ITEM_ID) VALUES(365, 1073, 300)
INSERT INTO T_ORDER_ITEM(ID, ORDER_ID, ITEM_ID) VALUES(366, 1073, 215)
INSERT INTO T_ORDER_ITEM(ID, ORDER_ID, ITEM_ID) VALUES(367, 1073, 198)
INSERT INTO T_ORDER_ITEM(ID, ORDER_ID, ITEM_ID) VALUES(368, 1073, 193)
INSERT INTO T_ORDER_ITEM(ID, ORDER_ID, ITEM_ID) VALUES(369, 1073, 82)
INSERT INTO T_ORDER_ITEM(ID, ORDER_ID, ITEM_ID) VALUES(370, 1074, 205)
INSERT INTO T_ORDER_ITEM(ID, ORDER_ID, ITEM_ID) VALUES(371, 1074, 33)
INSERT INTO T_ORDER_ITEM(ID, ORDER_ID, ITEM_ID) VALUES(372, 1074, 123)
INSERT INTO T_ORDER_ITEM(ID, ORDER_ID, ITEM_ID) VALUES(373, 1074, 335)
INSERT INTO T_ORDER_ITEM(ID, ORDER_ID, ITEM_ID) VALUES(374, 1074, 69)
INSERT INTO T_ORDER_ITEM(ID, ORDER_ID, ITEM_ID) VALUES(375, 1075, 26)
INSERT INTO T_ORDER_ITEM(ID, ORDER_ID, ITEM_ID) VALUES(376, 1075, 448)
INSERT INTO T_ORDER_ITEM(ID, ORDER_ID, ITEM_ID) VALUES(377, 1075, 24)
INSERT INTO T_ORDER_ITEM(ID, ORDER_ID, ITEM_ID) VALUES(378, 1075, 257)
INSERT INTO T_ORDER_ITEM(ID, ORDER_ID, ITEM_ID) VALUES(379, 1075, 27)
INSERT INTO T_ORDER_ITEM(ID, ORDER_ID, ITEM_ID) VALUES(380, 1076, 490)
INSERT INTO T_ORDER_ITEM(ID, ORDER_ID, ITEM_ID) VALUES(381, 1076, 23)
INSERT INTO T_ORDER_ITEM(ID, ORDER_ID, ITEM_ID) VALUES(382, 1076, 179)
INSERT INTO T_ORDER_ITEM(ID, ORDER_ID, ITEM_ID) VALUES(383, 1076, 38)
INSERT INTO T_ORDER_ITEM(ID, ORDER_ID, ITEM_ID) VALUES(384, 1076, 382)
INSERT INTO T_ORDER_ITEM(ID, ORDER_ID, ITEM_ID) VALUES(385, 1077, 59)
INSERT INTO T_ORDER_ITEM(ID, ORDER_ID, ITEM_ID) VALUES(386, 1077, 222)
INSERT INTO T_ORDER_ITEM(ID, ORDER_ID, ITEM_ID) VALUES(387, 1077, 170)
INSERT INTO T_ORDER_ITEM(ID, ORDER_ID, ITEM_ID) VALUES(388, 1077, 361)
INSERT INTO T_ORDER_ITEM(ID, ORDER_ID, ITEM_ID) VALUES(389, 1077, 315)
INSERT INTO T_ORDER_ITEM(ID, ORDER_ID, ITEM_ID) VALUES(390, 1078, 413)
INSERT INTO T_ORDER_ITEM(ID, ORDER_ID, ITEM_ID) VALUES(391, 1078, 455)
INSERT INTO T_ORDER_ITEM(ID, ORDER_ID, ITEM_ID) VALUES(392, 1078, 340)
INSERT INTO T_ORDER_ITEM(ID, ORDER_ID, ITEM_ID) VALUES(393, 1078, 11)
INSERT INTO T_ORDER_ITEM(ID, ORDER_ID, ITEM_ID) VALUES(394, 1078, 78)
INSERT INTO T_ORDER_ITEM(ID, ORDER_ID, ITEM_ID) VALUES(395, 1079, 462)
INSERT INTO T_ORDER_ITEM(ID, ORDER_ID, ITEM_ID) VALUES(396, 1079, 498)
INSERT INTO T_ORDER_ITEM(ID, ORDER_ID, ITEM_ID) VALUES(397, 1079, 312)
INSERT INTO T_ORDER_ITEM(ID, ORDER_ID, ITEM_ID) VALUES(398, 1079, 212)
INSERT INTO T_ORDER_ITEM(ID, ORDER_ID, ITEM_ID) VALUES(399, 1079, 92)
INSERT INTO T_ORDER_ITEM(ID, ORDER_ID, ITEM_ID) VALUES(400, 1080, 495)
INSERT INTO T_ORDER_ITEM(ID, ORDER_ID, ITEM_ID) VALUES(401, 1080, 241)
INSERT INTO T_ORDER_ITEM(ID, ORDER_ID, ITEM_ID) VALUES(402, 1080, 125)
INSERT INTO T_ORDER_ITEM(ID, ORDER_ID, ITEM_ID) VALUES(403, 1080, 112)
INSERT INTO T_ORDER_ITEM(ID, ORDER_ID, ITEM_ID) VALUES(404, 1080, 116)
INSERT INTO T_ORDER_ITEM(ID, ORDER_ID, ITEM_ID) VALUES(405, 1081, 127)
INSERT INTO T_ORDER_ITEM(ID, ORDER_ID, ITEM_ID) VALUES(406, 1081, 428)
INSERT INTO T_ORDER_ITEM(ID, ORDER_ID, ITEM_ID) VALUES(407, 1081, 381)
INSERT INTO T_ORDER_ITEM(ID, ORDER_ID, ITEM_ID) VALUES(408, 1081, 18)
INSERT INTO T_ORDER_ITEM(ID, ORDER_ID, ITEM_ID) VALUES(409, 1081, 472)
INSERT INTO T_ORDER_ITEM(ID, ORDER_ID, ITEM_ID) VALUES(410, 1082, 415)
INSERT INTO T_ORDER_ITEM(ID, ORDER_ID, ITEM_ID) VALUES(411, 1082, 489)
INSERT INTO T_ORDER_ITEM(ID, ORDER_ID, ITEM_ID) VALUES(412, 1082, 272)
INSERT INTO T_ORDER_ITEM(ID, ORDER_ID, ITEM_ID) VALUES(413, 1082, 337)
INSERT INTO T_ORDER_ITEM(ID, ORDER_ID, ITEM_ID) VALUES(414, 1082, 250)
INSERT INTO T_ORDER_ITEM(ID, ORDER_ID, ITEM_ID) VALUES(415, 1083, 321)
INSERT INTO T_ORDER_ITEM(ID, ORDER_ID, ITEM_ID) VALUES(416, 1083, 442)
INSERT INTO T_ORDER_ITEM(ID, ORDER_ID, ITEM_ID) VALUES(417, 1083, 30)
INSERT INTO T_ORDER_ITEM(ID, ORDER_ID, ITEM_ID) VALUES(418, 1083, 314)
INSERT INTO T_ORDER_ITEM(ID, ORDER_ID, ITEM_ID) VALUES(419, 1083, 482)
INSERT INTO T_ORDER_ITEM(ID, ORDER_ID, ITEM_ID) VALUES(420, 1084, 244)
INSERT INTO T_ORDER_ITEM(ID, ORDER_ID, ITEM_ID) VALUES(421, 1084, 406)
INSERT INTO T_ORDER_ITEM(ID, ORDER_ID, ITEM_ID) VALUES(422, 1084, 135)
INSERT INTO T_ORDER_ITEM(ID, ORDER_ID, ITEM_ID) VALUES(423, 1084, 5)
INSERT INTO T_ORDER_ITEM(ID, ORDER_ID, ITEM_ID) VALUES(424, 1084, 488)
INSERT INTO T_ORDER_ITEM(ID, ORDER_ID, ITEM_ID) VALUES(425, 1085, 288)
INSERT INTO T_ORDER_ITEM(ID, ORDER_ID, ITEM_ID) VALUES(426, 1085, 414)
INSERT INTO T_ORDER_ITEM(ID, ORDER_ID, ITEM_ID) VALUES(427, 1085, 226)
INSERT INTO T_ORDER_ITEM(ID, ORDER_ID, ITEM_ID) VALUES(428, 1085, 435)
INSERT INTO T_ORDER_ITEM(ID, ORDER_ID, ITEM_ID) VALUES(429, 1085, 158)
INSERT INTO T_ORDER_ITEM(ID, ORDER_ID, ITEM_ID) VALUES(430, 1086, 262)
INSERT INTO T_ORDER_ITEM(ID, ORDER_ID, ITEM_ID) VALUES(431, 1086, 271)
INSERT INTO T_ORDER_ITEM(ID, ORDER_ID, ITEM_ID) VALUES(432, 1086, 4)
INSERT INTO T_ORDER_ITEM(ID, ORDER_ID, ITEM_ID) VALUES(433, 1086, 372)
INSERT INTO T_ORDER_ITEM(ID, ORDER_ID, ITEM_ID) VALUES(434, 1086, 355)
INSERT INTO T_ORDER_ITEM(ID, ORDER_ID, ITEM_ID) VALUES(435, 1087, 57)
INSERT INTO T_ORDER_ITEM(ID, ORDER_ID, ITEM_ID) VALUES(436, 1087, 416)
INSERT INTO T_ORDER_ITEM(ID, ORDER_ID, ITEM_ID) VALUES(437, 1087, 45)
INSERT INTO T_ORDER_ITEM(ID, ORDER_ID, ITEM_ID) VALUES(438, 1087, 201)
INSERT INTO T_ORDER_ITEM(ID, ORDER_ID, ITEM_ID) VALUES(439, 1087, 167)
INSERT INTO T_ORDER_ITEM(ID, ORDER_ID, ITEM_ID) VALUES(440, 1088, 417)
INSERT INTO T_ORDER_ITEM(ID, ORDER_ID, ITEM_ID) VALUES(441, 1088, 220)
INSERT INTO T_ORDER_ITEM(ID, ORDER_ID, ITEM_ID) VALUES(442, 1088, 36)
INSERT INTO T_ORDER_ITEM(ID, ORDER_ID, ITEM_ID) VALUES(443, 1088, 370)
INSERT INTO T_ORDER_ITEM(ID, ORDER_ID, ITEM_ID) VALUES(444, 1088, 114)
INSERT INTO T_ORDER_ITEM(ID, ORDER_ID, ITEM_ID) VALUES(445, 1089, 28)
INSERT INTO T_ORDER_ITEM(ID, ORDER_ID, ITEM_ID) VALUES(446, 1089, 470)
INSERT INTO T_ORDER_ITEM(ID, ORDER_ID, ITEM_ID) VALUES(447, 1089, 95)
INSERT INTO T_ORDER_ITEM(ID, ORDER_ID, ITEM_ID) VALUES(448, 1089, 146)
INSERT INTO T_ORDER_ITEM(ID, ORDER_ID, ITEM_ID) VALUES(449, 1089, 299)
INSERT INTO T_ORDER_ITEM(ID, ORDER_ID, ITEM_ID) VALUES(450, 1090, 17)
INSERT INTO T_ORDER_ITEM(ID, ORDER_ID, ITEM_ID) VALUES(451, 1090, 432)
INSERT INTO T_ORDER_ITEM(ID, ORDER_ID, ITEM_ID) VALUES(452, 1090, 357)
INSERT INTO T_ORDER_ITEM(ID, ORDER_ID, ITEM_ID) VALUES(453, 1090, 457)
INSERT INTO T_ORDER_ITEM(ID, ORDER_ID, ITEM_ID) VALUES(454, 1090, 49)
INSERT INTO T_ORDER_ITEM(ID, ORDER_ID, ITEM_ID) VALUES(455, 1091, 332)
INSERT INTO T_ORDER_ITEM(ID, ORDER_ID, ITEM_ID) VALUES(456, 1091, 50)
INSERT INTO T_ORDER_ITEM(ID, ORDER_ID, ITEM_ID) VALUES(457, 1091, 469)
INSERT INTO T_ORDER_ITEM(ID, ORDER_ID, ITEM_ID) VALUES(458, 1091, 213)
INSERT INTO T_ORDER_ITEM(ID, ORDER_ID, ITEM_ID) VALUES(459, 1091, 456)
INSERT INTO T_ORDER_ITEM(ID, ORDER_ID, ITEM_ID) VALUES(460, 1092, 99)
INSERT INTO T_ORDER_ITEM(ID, ORDER_ID, ITEM_ID) VALUES(461, 1092, 437)
INSERT INTO T_ORDER_ITEM(ID, ORDER_ID, ITEM_ID) VALUES(462, 1092, 133)
INSERT INTO T_ORDER_ITEM(ID, ORDER_ID, ITEM_ID) VALUES(463, 1092, 267)
INSERT INTO T_ORDER_ITEM(ID, ORDER_ID, ITEM_ID) VALUES(464, 1092, 139)
INSERT INTO T_ORDER_ITEM(ID, ORDER_ID, ITEM_ID) VALUES(465, 1093, 106)
INSERT INTO T_ORDER_ITEM(ID, ORDER_ID, ITEM_ID) VALUES(466, 1093, 211)
INSERT INTO T_ORDER_ITEM(ID, ORDER_ID, ITEM_ID) VALUES(467, 1093, 362)
INSERT INTO T_ORDER_ITEM(ID, ORDER_ID, ITEM_ID) VALUES(468, 1093, 74)
INSERT INTO T_ORDER_ITEM(ID, ORDER_ID, ITEM_ID) VALUES(469, 1093, 293)
INSERT INTO T_ORDER_ITEM(ID, ORDER_ID, ITEM_ID) VALUES(470, 1094, 295)
INSERT INTO T_ORDER_ITEM(ID, ORDER_ID, ITEM_ID) VALUES(471, 1094, 309)
INSERT INTO T_ORDER_ITEM(ID, ORDER_ID, ITEM_ID) VALUES(472, 1094, 496)
INSERT INTO T_ORDER_ITEM(ID, ORDER_ID, ITEM_ID) VALUES(473, 1094, 137)
INSERT INTO T_ORDER_ITEM(ID, ORDER_ID, ITEM_ID) VALUES(474, 1094, 264)
INSERT INTO T_ORDER_ITEM(ID, ORDER_ID, ITEM_ID) VALUES(475, 1095, 190)
INSERT INTO T_ORDER_ITEM(ID, ORDER_ID, ITEM_ID) VALUES(476, 1095, 364)
INSERT INTO T_ORDER_ITEM(ID, ORDER_ID, ITEM_ID) VALUES(477, 1095, 22)
INSERT INTO T_ORDER_ITEM(ID, ORDER_ID, ITEM_ID) VALUES(478, 1095, 477)
INSERT INTO T_ORDER_ITEM(ID, ORDER_ID, ITEM_ID) VALUES(479, 1095, 109)
INSERT INTO T_ORDER_ITEM(ID, ORDER_ID, ITEM_ID) VALUES(480, 1096, 461)
INSERT INTO T_ORDER_ITEM(ID, ORDER_ID, ITEM_ID) VALUES(481, 1096, 187)
INSERT INTO T_ORDER_ITEM(ID, ORDER_ID, ITEM_ID) VALUES(482, 1096, 441)
INSERT INTO T_ORDER_ITEM(ID, ORDER_ID, ITEM_ID) VALUES(483, 1096, 32)
INSERT INTO T_ORDER_ITEM(ID, ORDER_ID, ITEM_ID) VALUES(484, 1096, 424)
INSERT INTO T_ORDER_ITEM(ID, ORDER_ID, ITEM_ID) VALUES(485, 1097, 446)
INSERT INTO T_ORDER_ITEM(ID, ORDER_ID, ITEM_ID) VALUES(486, 1097, 263)
INSERT INTO T_ORDER_ITEM(ID, ORDER_ID, ITEM_ID) VALUES(487, 1097, 13)
INSERT INTO T_ORDER_ITEM(ID, ORDER_ID, ITEM_ID) VALUES(488, 1097, 430)
INSERT INTO T_ORDER_ITEM(ID, ORDER_ID, ITEM_ID) VALUES(489, 1097, 184)
INSERT INTO T_ORDER_ITEM(ID, ORDER_ID, ITEM_ID) VALUES(490, 1098, 365)
INSERT INTO T_ORDER_ITEM(ID, ORDER_ID, ITEM_ID) VALUES(491, 1098, 301)
INSERT INTO T_ORDER_ITEM(ID, ORDER_ID, ITEM_ID) VALUES(492, 1098, 108)
INSERT INTO T_ORDER_ITEM(ID, ORDER_ID, ITEM_ID) VALUES(493, 1098, 166)
INSERT INTO T_ORDER_ITEM(ID, ORDER_ID, ITEM_ID) VALUES(494, 1098, 290)
INSERT INTO T_ORDER_ITEM(ID, ORDER_ID, ITEM_ID) VALUES(495, 1099, 61)
INSERT INTO T_ORDER_ITEM(ID, ORDER_ID, ITEM_ID) VALUES(496, 1099, 120)
INSERT INTO T_ORDER_ITEM(ID, ORDER_ID, ITEM_ID) VALUES(497, 1099, 411)
INSERT INTO T_ORDER_ITEM(ID, ORDER_ID, ITEM_ID) VALUES(498, 1099, 310)
INSERT INTO T_ORDER_ITEM(ID, ORDER_ID, ITEM_ID) VALUES(499, 1099, 497)